price,likes,tips,photos,ratingSignals,rating,Restaurant_Class
1,29.0,1,90,32.0,8.9,1
1,22.0,2,13,24.0,8.6,1
1,24.0,1,27,33.0,7.3,1
1,0.0,0,6,0.0,8.3,1
1,1.0,0,16,1.0,8.1,1
2,8.0,6,10,9.0,7.8,1
1,1.0,0,0,1.0,6.7,1
1,2.0,1,12,7.0,6.3,1
1,4.0,0,12,4.0,8.0,1
1,17.0,1,57,20.0,8.2,1
1,12.0,2,18,15.0,7.8,1
2,3.0,2,3,3.0,7.6,1
1,0.0,0,1,0.0,7.3,1
1,10.0,1,14,13.0,7.5,1
1,8.0,0,8,8.0,7.8,1
1,23.0,3,9,35.0,7.0,1
1,12.0,4,1,13.0,7.6,1
1,3.0,0,1,3.0,6.6,1
1,3.0,1,5,14.0,4.9,1
1,162.0,37,1171,187.0,8.9,1
1,80.0,1,42,109.0,8.1,1
1,23.0,7,63,28.0,8.3,1
1,125.0,22,53,151.0,8.5,1
1,12.0,1,12,19.0,6.7,1
1,20.0,12,8,31.0,6.8,1
1,6.0,1,1,14.0,5.9,1
1,0.0,0,1,0.0,6.6,1
1,7.0,0,10,15.0,5.6,1
3,12.0,7,44,20.0,6.5,1
1,5.0,2,32,10.0,6.2,1
1,88.0,36,532,107.0,8.9,1
1,3.0,0,1,6.0,6.6,1
1,5.0,0,1,9.0,6.8,1
1,17.0,2,4,27.0,6.7,1
1,8.0,0,0,9.0,7.3,1
1,27.0,5,29,35.0,7.7,1
1,7.0,1,1,13.0,6.5,1
2,8.0,0,5,16.0,6.2,1
1,24.0,2,6,27.0,8.6,1
1,14.0,0,9,14.0,8.6,1
1,8.0,5,4,9.0,7.7,1
1,193.0,32,164,224.0,8.8,1
1,15.0,1,11,16.0,8.5,1
1,106.0,48,130,141.0,8.3,1
1,0.0,0,0,1.0,7.2,1
1,16.0,0,11,21.0,7.4,1
2,6.0,3,3,8.0,6.6,1
1,10.0,0,16,13.0,7.4,1
1,6.0,1,15,8.0,6.6,1
1,10.0,5,4,15.0,6.7,1
1,17.0,8,31,24.0,7.5,1
1,92.0,10,149,109.0,8.6,1
2,18.0,2,64,27.0,7.0,1
1,21.0,1,11,24.0,8.1,1
1,7.0,1,0,11.0,6.7,1
1,5.0,2,8,6.0,7.5,1
2,11.0,2,16,14.0,7.3,1
1,4.0,0,1,8.0,5.6,1
2,2.0,0,1,10.0,5.0,1
1,7.0,3,10,8.0,7.8,1
1,16.0,1,3,23.0,7.4,1
1,22.0,0,9,23.0,8.9,1
1,107.0,6,74,114.0,9.3,1
1,42.0,8,26,49.0,8.5,1
1,22.0,2,29,45.0,5.9,1
3,17.0,2,3,24.0,7.6,1
1,3.0,0,2,6.0,6.5,1
1,8.0,2,10,10.0,7.3,1
1,178.0,51,1418,200.0,9.3,1
1,51.0,11,56,70.0,7.9,1
1,19.0,5,35,20.0,8.6,1
1,27.0,2,18,32.0,8.2,1
1,11.0,2,11,14.0,7.6,1
1,29.0,4,34,32.0,9.1,1
1,20.0,9,23,27.0,7.6,1
1,27.0,2,11,32.0,8.1,1
1,11.0,5,34,13.0,8.0,1
1,13.0,2,15,16.0,7.4,1
1,36.0,1,19,56.0,6.3,1
1,12.0,2,14,24.0,5.9,1
1,27.0,6,9,41.0,6.8,1
2,10.0,0,7,18.0,6.3,1
4,6.0,0,2,8.0,7.2,1
1,14.0,3,30,16.0,7.7,1
2,34.0,3,7,44.0,7.8,1
1,6.0,1,6,8.0,7.3,1
1,24.0,1,36,34.0,7.3,1
1,0.0,0,8,0.0,8.3,1
1,348.0,54,423,429.0,8.8,1
1,5.0,2,3,8.0,6.8,1
1,17.0,9,197,20.0,8.4,1
1,7.0,2,12,8.0,7.8,1
1,86.0,17,149,108.0,8.6,1
1,8.0,1,31,8.0,8.1,1
1,4.0,1,7,8.0,6.4,1
1,26.0,6,98,29.0,9.2,1
2,2.0,0,2,2.0,7.6,1
1,18.0,5,11,26.0,7.3,1
1,19.0,5,14,21.0,8.5,1
1,0.0,0,14,3.0,6.2,1
1,2.0,2,4,3.0,6.9,1
1,4.0,1,7,4.0,7.4,1
1,0.0,1,1,0.0,6.7,1
1,1.0,0,0,1.0,7.2,1
2,66.0,27,404,82.0,8.4,1
1,19.0,1,2,27.0,7.4,1
1,24.0,2,5,36.0,6.2,1
1,58.0,10,610,64.0,9.2,1
2,8.0,2,48,9.0,8.0,1
1,4.0,0,13,4.0,8.0,1
1,76.0,20,18,98.0,7.4,1
2,7.0,0,3,13.0,5.9,1
1,8.0,1,11,12.0,7.0,1
2,9.0,2,4,17.0,5.9,1
1,14.0,2,87,16.0,8.5,1
2,65.0,11,20,77.0,8.2,1
1,43.0,1,28,45.0,9.2,1
2,16.0,1,3,25.0,6.6,1
1,17.0,5,9,18.0,8.6,1
2,28.0,12,24,39.0,7.4,1
1,22.0,6,9,35.0,6.7,1
1,147.0,17,1191,165.0,9.3,1
3,6.0,1,5,8.0,7.1,1
1,43.0,16,73,56.0,9.0,1
1,5.0,1,6,8.0,7.3,1
1,53.0,1,52,74.0,7.6,1
1,11.0,1,74,15.0,7.4,1
1,52.0,10,27,74.0,7.7,1
2,17.0,2,19,28.0,6.6,1
2,7.0,0,9,9.0,7.5,1
2,15.0,5,13,22.0,7.3,1
1,0.0,0,0,0.0,7.3,1
1,4.0,0,1,11.0,5.2,1
1,6.0,3,4,11.0,6.2,1
1,70.0,17,36,94.0,8.0,1
1,0.0,0,2,0.0,6.6,1
2,7.0,1,3,8.0,7.4,1
1,6.0,5,14,10.0,6.1,1
1,9.0,1,19,10.0,8.0,1
1,88.0,14,390,97.0,9.3,1
1,8.0,0,7,11.0,7.0,1
1,12.0,1,15,20.0,6.1,1
1,4.0,3,19,10.0,6.8,1
1,8.0,4,12,13.0,6.9,1
1,2.0,1,1,3.0,6.3,1
1,24.0,6,83,32.0,8.1,1
1,39.0,4,30,49.0,7.9,1
1,9.0,4,74,10.0,8.0,1
1,19.0,1,3,22.0,8.0,1
1,5.0,1,2,7.0,7.3,1
2,14.0,3,47,19.0,7.5,1
1,44.0,4,53,74.0,6.7,1
2,13.0,4,17,14.0,8.5,1
1,79.0,20,343,98.0,8.2,1
1,32.0,8,159,43.0,7.7,1
1,26.0,5,87,28.0,8.8,1
1,18.0,3,32,22.0,8.0,1
1,5.0,1,2,10.0,6.1,1
2,23.0,10,26,33.0,7.0,1
1,24.0,1,17,35.0,7.1,1
1,5.0,3,11,9.0,7.2,1
1,0.0,0,2,0.0,7.3,1
1,548.0,29,845,665.0,8.8,1
2,22.0,9,11,28.0,7.7,1
1,10.0,2,9,13.0,7.3,1
1,14.0,1,20,15.0,8.3,1
1,5.0,2,1,10.0,5.6,1
2,5.0,4,10,11.0,5.4,1
2,2.0,0,1,2.0,7.6,1
2,15.0,1,6,32.0,5.8,1
2,15.0,1,1,21.0,7.3,1
1,10.0,1,49,11.0,8.1,1
1,33.0,0,23,40.0,8.1,1
1,7.0,4,4,8.0,8.0,1
1,9.0,3,11,12.0,7.7,1
1,39.0,4,41,44.0,8.2,1
1,39.0,11,32,56.0,7.1,1
1,19.0,2,6,21.0,7.9,1
1,39.0,26,209,42.0,8.9,1
1,79.0,11,19,94.0,8.7,1
1,21.0,3,28,29.0,7.7,1
1,17.0,11,10,28.0,6.8,1
1,101.0,22,26,126.0,8.5,1
1,22.0,3,72,26.0,7.9,1
1,7.0,2,0,12.0,6.5,1
1,8.0,2,13,12.0,8.3,1
1,81.0,23,77,133.0,6.3,1
1,7.0,1,8,9.0,7.5,1
1,30.0,13,49,40.0,7.5,1
1,0.0,1,10,1.0,7.2,1
1,27.0,3,4,38.0,6.6,1
1,7.0,2,2,8.0,7.2,1
1,22.0,8,5,29.0,7.0,1
2,32.0,4,12,51.0,5.9,1
1,192.0,70,1694,222.0,9.2,1
1,28.0,9,357,36.0,8.9,1
1,10.0,3,98,10.0,8.6,1
1,38.0,21,296,57.0,7.2,1
1,61.0,43,248,85.0,7.4,1
1,8.0,1,40,9.0,7.8,1
1,10.0,5,70,10.0,8.4,1
1,9.0,2,49,10.0,7.8,1
1,14.0,0,20,16.0,8.1,1
1,6.0,5,39,11.0,6.4,1
1,25.0,13,22,30.0,7.8,1
1,201.0,40,622,252.0,8.4,1
1,92.0,7,173,120.0,8.2,1
1,23.0,4,16,34.0,7.1,1
1,7.0,1,17,13.0,6.6,1
1,37.0,4,36,46.0,8.6,1
2,20.0,7,44,29.0,7.6,1
1,28.0,7,4,37.0,7.4,1
1,22.0,1,18,31.0,7.3,1
1,9.0,1,17,12.0,7.4,1
1,54.0,9,11,74.0,7.4,1
1,7.0,0,7,9.0,7.4,1
1,5.0,0,5,9.0,6.4,1
2,40.0,12,18,47.0,8.2,1
1,1.0,0,0,2.0,6.6,1
1,63.0,22,581,75.0,8.8,1
1,28.0,3,21,38.0,7.4,1
2,9.0,3,6,16.0,6.3,1
2,4.0,3,28,9.0,5.9,1
1,11.0,1,57,11.0,8.6,1
2,32.0,3,15,38.0,8.3,1
1,12.0,2,5,15.0,7.5,1
1,5.0,1,16,6.0,7.6,1
1,21.0,1,3,27.0,8.0,1
1,13.0,5,15,15.0,7.6,1
1,2.0,0,4,4.0,6.7,1
1,11.0,2,61,16.0,7.5,1
2,9.0,4,27,34.0,4.9,1
1,115.0,20,252,146.0,8.2,1
1,33.0,9,123,36.0,8.9,1
1,20.0,3,29,25.0,8.0,1
2,11.0,4,8,12.0,8.2,1
1,8.0,0,3,9.0,7.6,1
1,1.0,0,4,1.0,7.7,1
1,12.0,5,5,15.0,7.8,1
2,1.0,1,0,1.0,7.0,1
1,2.0,0,5,2.0,7.3,1
1,136.0,9,84,196.0,7.6,1
1,76.0,23,463,90.0,9.0,1
1,360.0,49,355,436.0,8.7,1
1,53.0,9,13,82.0,6.9,1
2,65.0,14,51,76.0,8.9,1
1,31.0,7,27,49.0,7.0,1
2,32.0,8,76,39.0,8.4,1
1,71.0,21,16,93.0,8.0,1
2,65.0,18,74,88.0,7.9,1
1,50.0,11,39,66.0,7.7,1
1,39.0,16,58,63.0,6.5,1
1,23.0,1,28,24.0,8.8,1
2,17.0,5,23,22.0,7.4,1
1,12.0,3,22,22.0,6.0,1
2,24.0,2,16,36.0,6.5,1
1,13.0,3,9,20.0,6.2,1
1,323.0,107,1863,385.0,9.2,1
1,177.0,63,949,228.0,8.7,1
1,50.0,8,31,71.0,7.7,1
1,221.0,44,85,269.0,8.7,1
1,18.0,4,32,22.0,8.4,1
1,35.0,21,96,73.0,5.7,1
1,17.0,0,3,19.0,8.4,1
1,13.0,6,66,21.0,7.1,1
1,7.0,2,3,9.0,7.0,1
1,12.0,1,10,17.0,6.9,1
2,60.0,24,19,77.0,8.0,1
1,23.0,4,135,35.0,7.6,1
2,16.0,2,0,22.0,7.3,1
1,12.0,6,7,16.0,7.4,1
1,7.0,3,6,9.0,7.1,1
1,29.0,10,265,38.0,8.0,1
1,9.0,0,1,16.0,6.1,1
1,12.0,6,4,20.0,5.9,1
1,51.0,1,8,66.0,7.2,1
1,7.0,2,15,11.0,6.1,1
1,5.0,2,13,6.0,7.5,1
1,0.0,0,3,0.0,7.3,1
2,27.0,13,61,59.0,5.7,1
1,12.0,0,5,18.0,6.5,1
1,173.0,41,1756,217.0,8.5,1
1,167.0,23,1177,222.0,7.9,1
1,35.0,1,106,36.0,9.1,1
1,30.0,1,110,34.0,8.8,1
1,15.0,4,67,20.0,7.4,1
1,15.0,14,60,30.0,6.3,1
2,263.0,67,248,325.0,8.3,1
1,0.0,1,1,0.0,7.9,1
1,12.0,5,6,18.0,6.2,1
2,513.0,98,261,626.0,8.6,1
1,40.0,22,446,46.0,8.7,1
1,10.0,1,81,10.0,8.2,1
1,24.0,2,23,39.0,6.8,1
1,58.0,3,29,76.0,7.7,1
2,111.0,30,96,175.0,6.7,1
1,6.0,1,15,12.0,5.8,1
1,8.0,6,7,22.0,5.0,1
1,16.0,0,3,19.0,7.9,1
2,7.0,0,10,10.0,6.9,1
3,11.0,3,12,21.0,5.8,1
1,49.0,2,20,63.0,8.1,1
1,26.0,8,48,34.0,7.7,1
3,29.0,6,32,49.0,6.2,1
1,14.0,0,3,15.0,8.3,1
1,16.0,5,12,19.0,7.8,1
1,3.0,0,2,3.0,7.0,1
2,12.0,4,4,23.0,5.4,1
1,18.0,10,16,30.0,6.6,1
2,11.0,0,3,12.0,8.1,1
1,36.0,8,22,47.0,8.0,1
1,7.0,3,5,11.0,6.7,1
1,11.0,1,2,13.0,7.5,1
1,3.0,1,8,8.0,5.3,1
1,25.0,92,15,38.0,8.2,1
2,13.0,6,10,20.0,6.6,1
1,173.0,57,1361,195.0,9.4,1
2,146.0,21,53,181.0,8.5,1
1,12.0,2,163,16.0,7.7,1
1,7.0,1,2,10.0,6.5,1
1,12.0,1,9,19.0,6.3,1
2,15.0,1,8,19.0,7.6,1
1,16.0,7,17,20.0,7.2,1
1,9.0,0,0,11.0,7.1,1
2,57.0,33,25,90.0,6.4,1
1,12.0,2,4,21.0,6.4,1
1,10.0,0,10,10.0,8.5,1
2,17.0,2,6,28.0,6.8,1
1,6.0,1,4,13.0,5.5,1
1,126.0,36,554,162.0,8.1,1
1,12.0,3,13,15.0,7.7,1
1,7.0,0,0,10.0,7.2,1
1,2.0,0,2,2.0,7.4,1
1,170.0,11,129,197.0,9.0,1
1,16.0,3,6,23.0,7.4,1
2,8.0,3,0,9.0,7.9,1
1,1.0,1,1,1.0,7.7,1
2,52.0,11,23,70.0,7.7,1
3,38.0,14,29,60.0,6.6,1
1,27.0,7,24,49.0,6.2,1
2,8.0,0,1,11.0,7.4,1
1,37.0,7,198,43.0,8.5,1
1,11.0,0,3,19.0,5.9,1
1,11.0,0,3,13.0,7.9,1
1,8.0,12,25,9.0,8.2,1
1,30.0,9,8,41.0,7.7,1
1,4.0,0,2,5.0,7.3,1
1,16.0,7,17,22.0,7.3,1
1,16.0,0,2,20.0,7.5,1
1,32.0,5,5,42.0,7.4,1
1,15.0,5,3,16.0,8.3,1
1,16.0,3,77,18.0,8.5,1
1,12.0,10,25,15.0,7.2,1
1,42.0,9,25,52.0,8.3,1
1,62.0,23,19,74.0,8.7,1
1,6.0,2,15,8.0,7.6,1
1,57.0,7,19,63.0,8.9,1
1,12.0,4,10,16.0,7.5,1
1,50.0,15,23,62.0,8.3,1
1,11.0,0,8,17.0,7.0,1
1,22.0,2,8,31.0,7.1,1
1,16.0,4,60,23.0,8.1,1
1,374.0,47,468,453.0,8.7,1
1,117.0,15,75,149.0,8.0,1
1,12.0,4,9,14.0,7.9,1
2,37.0,11,16,45.0,8.0,1
1,33.0,19,36,56.0,6.1,1
1,39.0,10,16,59.0,6.6,1
2,19.0,9,24,33.0,5.9,1
1,8.0,0,10,9.0,7.4,1
1,7.0,0,1,9.0,7.9,1
2,51.0,20,91,85.0,6.6,1
2,62.0,12,96,87.0,7.4,1
1,16.0,3,3,22.0,7.0,1
1,12.0,5,10,16.0,7.2,1
1,249.0,127,166,336.0,8.6,1
1,94.0,72,39,153.0,9.0,1
1,19.0,0,6,27.0,6.5,1
1,65.0,39,739,76.0,8.9,1
1,47.0,12,399,56.0,8.7,1
2,68.0,7,36,81.0,8.8,1
1,82.0,12,69,111.0,7.6,1
1,10.0,0,8,11.0,8.2,1
1,8.0,1,4,16.0,6.1,1
1,6.0,1,8,9.0,6.7,1
1,2.0,4,5,4.0,6.5,1
1,5.0,1,4,9.0,6.5,1
1,16.0,2,11,21.0,7.6,1
1,4.0,1,5,13.0,5.1,1
1,9.0,1,19,9.0,7.8,1
1,9.0,2,1,13.0,6.8,1
3,10.0,1,5,14.0,7.0,1
2,11.0,0,3,16.0,7.1,1
1,11.0,0,20,12.0,7.9,1
1,2.0,0,3,2.0,6.5,1
1,3.0,0,6,3.0,8.0,1
1,4.0,0,34,5.0,8.1,1
2,8.0,1,11,12.0,6.9,1
1,6.0,2,25,8.0,7.6,1
3,10.0,3,7,11.0,8.1,1
1,26.0,6,9,42.0,6.5,1
1,9.0,1,3,12.0,7.4,1
1,2.0,1,9,4.0,7.1,1
1,6.0,0,3,8.0,6.9,1
1,6.0,1,3,7.0,7.5,1
2,41.0,7,10,53.0,8.1,1
1,1.0,0,1,1.0,8.1,1
2,17.0,4,4,25.0,8.3,1
1,12.0,4,31,14.0,8.0,1
1,27.0,4,22,34.0,8.1,1
2,13.0,7,32,20.0,6.7,1
2,29.0,18,37,40.0,7.5,1
1,16.0,9,4,19.0,7.7,1
2,10.0,0,7,17.0,5.9,1
2,9.0,2,0,13.0,7.9,1
1,285.0,25,274,333.0,8.8,1
1,163.0,21,69,191.0,8.6,1
2,18.0,14,29,27.0,6.9,1
2,15.0,3,4,18.0,7.7,1
2,37.0,16,18,53.0,7.1,1
1,53.0,7,19,68.0,8.3,1
2,8.0,0,0,9.0,8.1,1
2,7.0,3,12,12.0,6.3,1
1,3.0,1,4,3.0,7.7,1
1,9.0,0,0,12.0,6.7,1
1,73.0,10,63,94.0,8.0,1
2,58.0,4,10,71.0,8.3,1
1,9.0,1,3,11.0,7.8,1
1,10.0,1,2,12.0,7.1,1
1,50.0,6,29,71.0,7.4,1
1,69.0,6,32,77.0,8.8,1
1,22.0,1,11,26.0,8.1,1
1,6.0,4,6,8.0,7.2,1
1,58.0,6,5,69.0,8.4,1
2,120.0,46,27,187.0,6.6,1
1,1.0,0,1,1.0,7.2,1
1,39.0,8,208,42.0,9.1,1
1,144.0,45,44,174.0,8.9,1
2,51.0,12,41,65.0,8.1,1
1,24.0,8,9,30.0,7.8,1
1,11.0,1,2,11.0,8.2,1
1,46.0,2,14,55.0,8.2,1
1,17.0,2,2,21.0,7.8,1
1,12.0,3,18,13.0,7.9,1
1,11.0,0,4,14.0,7.2,1
1,4.0,1,4,8.0,6.5,1
2,5.0,1,9,8.0,6.9,1
1,27.0,4,68,36.0,6.9,1
1,36.0,9,35,54.0,6.2,1
1,10.0,5,1,11.0,7.5,1
1,41.0,5,46,56.0,7.4,1
1,15.0,2,26,16.0,7.9,1
1,23.0,0,13,29.0,8.0,1
1,6.0,1,23,16.0,5.5,1
1,2.0,0,0,4.0,7.5,1
1,5.0,0,3,10.0,5.6,1
1,207.0,17,221,246.0,8.9,1
1,33.0,13,73,41.0,8.8,1
1,38.0,0,7,48.0,7.9,1
1,15.0,2,2,18.0,7.6,1
1,16.0,0,4,20.0,7.1,1
1,13.0,2,1,14.0,8.2,1
1,31.0,14,149,36.0,8.3,1
1,8.0,1,1,8.0,7.7,1
1,13.0,2,1,18.0,7.5,1
2,25.0,3,6,39.0,6.6,1
1,38.0,2,3,62.0,6.4,1
1,4.0,0,6,5.0,6.9,1
2,8.0,2,7,10.0,7.6,1
2,9.0,0,5,14.0,6.6,1
1,15.0,2,5,17.0,8.1,1
1,101.0,18,53,123.0,8.4,1
1,20.0,0,6,25.0,7.7,1
1,49.0,6,24,66.0,7.6,1
1,17.0,3,14,19.0,8.2,1
1,41.0,9,7,53.0,7.5,1
1,5.0,2,10,9.0,6.2,1
1,11.0,0,6,14.0,7.0,1
1,34.0,6,17,44.0,7.7,1
1,20.0,5,13,25.0,7.8,1
1,20.0,5,12,33.0,6.1,1
2,32.0,13,26,40.0,7.3,1
1,33.0,9,228,43.0,8.0,1
1,89.0,17,37,109.0,8.5,1
1,20.0,3,9,22.0,8.6,1
1,5.0,2,8,9.0,6.2,1
1,0.0,0,0,2.0,6.3,1
2,42.0,17,49,59.0,7.3,1
1,96.0,20,42,113.0,8.6,1
3,30.0,11,59,42.0,7.0,1
2,16.0,4,10,24.0,6.2,1
2,21.0,2,7,39.0,5.5,1
1,60.0,16,348,71.0,8.7,1
2,17.0,3,5,22.0,7.7,1
1,25.0,12,158,30.0,8.4,1
1,7.0,1,35,10.0,6.4,1
1,6.0,3,179,9.0,6.8,1
2,12.0,1,8,15.0,7.1,1
1,7.0,6,9,11.0,6.1,1
4,13.0,2,2,18.0,6.5,1
1,50.0,5,69,59.0,8.4,1
1,116.0,49,784,144.0,8.4,1
1,112.0,24,254,131.0,8.7,1
1,17.0,7,99,24.0,7.6,1
1,39.0,5,35,49.0,7.8,1
1,13.0,2,6,19.0,7.0,1
1,18.0,0,4,21.0,8.1,1
2,80.0,9,23,119.0,6.8,1
1,19.0,4,21,20.0,8.5,1
1,9.0,2,1,13.0,6.5,1
1,0.0,0,1,1.0,7.1,1
1,31.0,2,10,50.0,6.6,1
2,28.0,4,62,35.0,8.2,1
2,32.0,6,5,38.0,8.6,1
2,25.0,6,6,36.0,7.2,1
1,14.0,2,4,14.0,8.6,1
1,26.0,8,8,33.0,7.7,1
2,8.0,6,22,12.0,6.7,1
3,7.0,4,5,9.0,7.3,1
1,1.0,1,1,2.0,7.5,1
1,25.0,9,236,30.0,8.6,1
1,23.0,2,46,34.0,7.1,1
1,6.0,1,2,8.0,7.2,1
1,14.0,0,8,20.0,7.0,1
1,82.0,13,37,94.0,8.8,1
2,40.0,7,15,52.0,7.8,1
1,5.0,2,1,9.0,6.5,1
1,89.0,24,25,117.0,8.2,1
2,73.0,12,61,86.0,8.7,1
1,22.0,4,5,33.0,7.3,1
2,23.0,2,10,33.0,7.1,1
1,99.0,17,94,131.0,7.8,1
1,73.0,15,77,105.0,7.4,1
1,28.0,4,5,37.0,7.7,1
1,8.0,10,13,11.0,7.4,1
1,21.0,1,4,27.0,7.4,1
2,26.0,2,3,39.0,6.8,1
1,1.0,5,4,8.0,5.3,1
1,19.0,5,13,27.0,7.7,1
2,15.0,3,11,30.0,5.9,1
1,19.0,6,44,27.0,7.7,1
1,5.0,2,6,8.0,6.6,1
1,29.0,6,18,43.0,6.7,1
1,42.0,31,57,63.0,7.4,1
1,34.0,3,9,44.0,7.7,1
1,13.0,7,11,19.0,6.8,1
1,5.0,0,3,9.0,6.0,1
2,15.0,3,9,18.0,8.2,1
1,9.0,4,7,12.0,6.9,1
1,1.0,1,1,1.0,6.6,1
1,95.0,14,78,141.0,7.5,1
1,32.0,6,8,36.0,8.7,1
2,13.0,3,8,14.0,8.4,1
1,16.0,8,37,22.0,7.6,1
1,8.0,2,5,9.0,7.8,1
2,11.0,1,4,13.0,8.1,1
1,11.0,2,12,15.0,6.9,1
1,9.0,0,3,11.0,7.1,1
1,19.0,3,6,20.0,8.7,1
1,12.0,1,8,14.0,7.9,1
1,11.0,0,11,19.0,6.7,1
1,13.0,0,32,14.0,8.1,1
1,25.0,3,330,34.0,7.6,1
1,113.0,9,270,135.0,8.6,1
1,33.0,11,43,38.0,8.8,1
1,122.0,16,103,165.0,7.9,1
1,79.0,12,325,92.0,8.9,1
1,43.0,4,146,45.0,9.2,1
1,79.0,9,26,97.0,8.5,1
1,73.0,10,141,95.0,7.9,1
1,4.0,2,55,4.0,7.8,1
2,15.0,1,43,19.0,7.8,1
1,17.0,8,30,25.0,7.5,1
1,10.0,0,22,12.0,7.7,1
1,8.0,0,1,9.0,7.9,1
2,1.0,0,3,1.0,7.9,1
1,9.0,4,32,9.0,8.3,1
1,4.0,3,3,6.0,7.6,1
1,19.0,8,37,26.0,7.0,1
2,0.0,0,1,0.0,8.0,1
1,41.0,5,45,47.0,8.2,1
1,145.0,43,212,178.0,8.4,1
1,336.0,32,90,368.0,9.3,1
1,32.0,10,4,37.0,8.2,1
1,49.0,0,41,57.0,8.6,1
1,19.0,12,5,26.0,7.3,1
1,36.0,3,38,38.0,9.0,1
2,162.0,48,107,231.0,7.6,1
2,94.0,23,33,111.0,8.7,1
1,24.0,4,16,29.0,8.5,1
1,12.0,2,12,20.0,6.4,1
1,25.0,2,10,29.0,8.1,1
1,2.0,3,14,5.0,6.4,1
1,36.0,15,9,50.0,6.8,1
1,32.0,2,4,38.0,7.6,1
1,15.0,3,4,19.0,8.0,1
2,12.0,1,17,13.0,8.5,1
2,8.0,1,3,8.0,8.1,1
1,9.0,0,4,13.0,6.9,1
1,12.0,7,13,21.0,5.9,1
1,5.0,5,8,11.0,5.5,1
1,8.0,2,6,12.0,6.2,1
2,6.0,1,0,8.0,7.2,1
1,10.0,0,3,15.0,6.9,1
1,20.0,3,13,31.0,6.8,1
1,20.0,3,16,26.0,7.5,1
2,5.0,2,1,9.0,6.2,1
1,19.0,2,4,29.0,6.5,1
1,31.0,6,17,37.0,7.8,1
1,8.0,8,4,11.0,8.0,1
1,14.0,5,5,17.0,8.2,1
1,12.0,3,1,19.0,6.0,1
1,65.0,6,33,70.0,9.2,1
1,1.0,1,1,2.0,6.8,1
1,49.0,10,74,67.0,7.5,1
2,9.0,0,6,10.0,8.1,1
1,6.0,0,2,10.0,6.1,1
1,8.0,0,5,8.0,7.9,1
2,5.0,0,1,9.0,6.8,1
1,22.0,0,4,30.0,7.6,1
1,8.0,1,0,10.0,7.1,1
1,16.0,1,4,16.0,8.7,1
1,57.0,14,14,72.0,8.1,1
1,8.0,0,0,10.0,7.4,1
1,73.0,10,24,104.0,7.4,1
3,16.0,5,12,25.0,6.4,1
2,15.0,8,37,22.0,6.6,1
1,1.0,0,2,1.0,7.7,1
2,99.0,16,23,113.0,9.0,1
1,16.0,5,9,23.0,6.7,1
1,22.0,30,12,29.0,8.1,1
2,9.0,0,2,12.0,6.9,1
1,115.0,15,66,159.0,7.9,1
1,74.0,19,126,86.0,9.0,1
1,52.0,6,12,62.0,8.4,1
2,27.0,6,28,33.0,8.0,1
2,33.0,6,7,51.0,6.8,1
2,5.0,0,2,9.0,6.2,1
1,5.0,3,3,9.0,6.0,1
2,13.0,6,9,17.0,7.5,1
1,15.0,2,9,21.0,7.1,1
2,60.0,28,102,83.0,8.2,1
1,34.0,3,41,38.0,9.0,1
1,6.0,0,1,6.0,7.8,1
1,13.0,3,30,14.0,8.1,1
1,8.0,3,12,12.0,7.6,1
1,57.0,18,44,69.0,8.2,1
1,3.0,1,3,4.0,7.7,1
1,6.0,1,3,8.0,6.9,1
1,147.0,23,100,196.0,8.1,1
1,262.0,19,237,308.0,8.8,1
1,10.0,2,4,13.0,7.3,1
1,13.0,2,10,19.0,6.2,1
1,11.0,0,13,15.0,7.4,1
2,18.0,7,12,34.0,6.5,1
1,21.0,3,16,33.0,6.7,1
1,22.0,2,7,37.0,6.4,1
2,28.0,3,6,42.0,6.7,1
1,8.0,0,7,9.0,7.8,1
1,7.0,2,1,9.0,7.7,1
1,8.0,3,21,17.0,5.8,1
1,61.0,11,60,81.0,7.8,1
1,21.0,0,10,30.0,7.1,1
1,26.0,3,13,46.0,5.8,1
1,0.0,1,6,0.0,7.9,1
1,128.0,68,137,157.0,8.9,1
1,12.0,5,13,15.0,8.6,1
2,7.0,1,2,10.0,7.2,1
2,40.0,4,5,48.0,8.2,1
2,8.0,0,5,12.0,6.9,1
1,2.0,1,2,5.0,6.7,1
1,12.0,1,6,18.0,7.0,1
1,31.0,14,14,39.0,8.0,1
1,7.0,4,0,9.0,6.5,1
2,21.0,4,3,32.0,6.8,1
2,13.0,0,2,19.0,7.0,1
2,12.0,6,1,17.0,6.5,1
2,8.0,1,9,9.0,7.9,1
1,13.0,0,4,15.0,8.0,1
1,19.0,3,5,27.0,7.1,1
1,19.0,4,22,25.0,6.9,1
2,7.0,6,17,17.0,5.2,1
2,3.0,2,0,9.0,5.2,1
1,68.0,8,32,94.0,7.6,1
2,38.0,14,30,60.0,7.2,1
1,6.0,1,8,11.0,6.3,1
1,14.0,5,15,20.0,7.4,1
1,17.0,2,17,28.0,6.5,1
2,6.0,1,9,9.0,6.7,1
1,12.0,2,17,17.0,7.0,1
1,20.0,5,17,30.0,6.9,1
1,48.0,5,16,63.0,7.4,1
2,32.0,8,10,46.0,6.8,1
1,29.0,3,25,38.0,7.0,1
2,5.0,2,5,8.0,6.8,1
1,74.0,11,71,123.0,9.3,1
2,8.0,0,17,11.0,7.2,1
1,92.0,24,27,120.0,7.9,1
3,29.0,6,15,45.0,6.6,1
1,28.0,6,23,33.0,8.2,1
1,11.0,2,3,16.0,6.9,1
2,55.0,8,16,64.0,8.0,1
1,9.0,0,2,13.0,6.5,1
1,286.0,24,243,340.0,8.6,1
2,44.0,6,5,60.0,7.6,1
1,28.0,3,20,50.0,6.3,1
1,38.0,16,66,50.0,8.6,1
1,18.0,10,65,28.0,7.2,1
1,10.0,1,53,11.0,8.0,1
1,8.0,1,5,9.0,7.5,1
1,0.0,0,4,0.0,8.3,1
1,8.0,2,3,10.0,7.9,1
1,6.0,2,32,14.0,5.6,1
1,7.0,2,4,8.0,7.5,1
1,11.0,1,27,11.0,8.5,1
1,36.0,3,12,50.0,7.7,1
1,57.0,2,24,69.0,8.3,1
1,47.0,6,20,59.0,8.1,1
1,20.0,2,9,27.0,6.8,1
1,6.0,1,5,8.0,7.1,1
2,6.0,1,5,9.0,6.9,1
1,5.0,0,2,6.0,7.2,1
1,0.0,0,0,0.0,8.4,1
1,117.0,82,73,164.0,8.4,1
1,8.0,1,6,8.0,7.7,1
1,19.0,4,14,27.0,7.2,1
1,17.0,2,10,28.0,6.3,1
2,93.0,10,54,128.0,7.6,1
2,13.0,0,9,20.0,6.7,1
1,71.0,7,76,98.0,7.8,1
1,18.0,1,8,22.0,8.2,1
1,3.0,2,0,6.0,6.8,1
1,45.0,14,119,60.0,8.2,1
2,7.0,0,2,10.0,7.2,1
2,4.0,0,3,8.0,5.9,1
1,10.0,1,13,12.0,7.6,1
1,60.0,10,89,75.0,8.1,1
1,5.0,0,24,8.0,7.0,1
1,80.0,25,469,102.0,8.4,1
1,13.0,3,13,23.0,5.7,1
2,6.0,2,10,10.0,6.0,1
1,23.0,10,12,31.0,7.9,1
1,34.0,45,16,52.0,8.2,1
1,75.0,93,40,102.0,8.0,1
1,178.0,31,194,205.0,8.9,1
1,77.0,25,95,101.0,7.6,1
1,55.0,8,62,79.0,7.3,1
1,78.0,11,176,98.0,8.4,1
1,9.0,3,18,12.0,6.8,1
3,21.0,10,15,39.0,5.5,1
1,9.0,2,16,15.0,6.2,1
1,16.0,3,24,21.0,6.9,1
1,108.0,29,228,147.0,7.8,1
1,12.0,2,3,22.0,6.3,1
1,2.0,1,4,3.0,6.9,1
1,2.0,1,0,3.0,6.6,1
1,42.0,2,24,54.0,8.1,1
1,7.0,1,14,9.0,7.4,1
1,9.0,2,14,14.0,6.5,1
1,2.0,0,2,2.0,7.6,1
2,5.0,1,3,10.0,6.1,1
1,36.0,6,45,53.0,7.3,1
1,81.0,9,89,106.0,7.9,1
1,54.0,14,81,72.0,8.3,1
1,12.0,0,2,16.0,7.2,1
1,7.0,4,8,13.0,7.0,1
1,6.0,3,7,8.0,7.2,1
2,20.0,8,22,29.0,7.1,1
1,6.0,0,6,6.0,7.8,1
2,8.0,2,4,8.0,8.3,1
1,72.0,16,31,88.0,8.4,1
1,34.0,1,12,40.0,8.6,1
2,119.0,29,74,137.0,9.0,1
2,34.0,14,29,62.0,6.3,1
1,16.0,0,6,22.0,7.4,1
2,11.0,2,15,14.0,7.1,1
1,29.0,4,7,34.0,7.9,1
1,10.0,0,3,17.0,7.2,1
1,5.0,0,11,8.0,6.2,1
1,133.0,28,79,168.0,8.1,1
1,184.0,46,162,234.0,8.0,1
1,11.0,1,6,12.0,7.5,1
1,45.0,7,33,53.0,8.4,1
1,9.0,2,2,17.0,5.8,1
1,1.0,0,3,1.0,7.2,1
1,10.0,1,4,15.0,6.2,1
1,7.0,1,1,10.0,7.1,1
1,8.0,3,5,10.0,7.5,1
2,14.0,0,4,18.0,7.6,1
2,19.0,5,4,22.0,7.9,1
1,18.0,0,4,23.0,7.6,1
1,14.0,4,17,20.0,7.4,1
1,9.0,0,4,17.0,6.3,1
1,19.0,1,12,23.0,7.7,1
1,6.0,0,5,9.0,6.2,1
1,36.0,15,97,46.0,8.1,1
1,8.0,3,6,11.0,7.3,1
1,37.0,7,9,51.0,7.3,1
1,10.0,0,0,10.0,8.4,1
1,13.0,1,6,14.0,8.4,1
1,7.0,1,26,8.0,7.9,1
2,5.0,4,5,11.0,5.9,1
1,11.0,0,7,12.0,8.2,1
1,113.0,22,94,135.0,8.5,1
1,39.0,4,11,50.0,7.7,1
2,59.0,15,27,75.0,8.3,1
1,19.0,10,12,28.0,7.4,1
2,17.0,7,14,21.0,7.7,1
2,7.0,2,2,10.0,7.4,1
1,43.0,3,111,50.0,8.5,1
1,19.0,4,11,30.0,6.5,1
2,7.0,1,7,9.0,7.5,1
1,19.0,1,1,23.0,7.8,1
1,8.0,1,1,14.0,6.4,1
1,9.0,2,1,14.0,6.5,1
3,9.0,2,8,10.0,7.6,1
1,23.0,1,3,29.0,7.2,1
1,30.0,9,7,38.0,8.2,1
1,21.0,4,11,28.0,7.6,1
1,20.0,3,5,27.0,8.2,1
1,21.0,2,6,40.0,5.8,1
1,22.0,3,6,32.0,7.0,1
1,66.0,7,30,92.0,7.5,1
2,17.0,10,18,19.0,8.2,1
1,13.0,2,37,20.0,6.6,1
1,9.0,2,5,11.0,7.4,1
1,4.0,1,4,10.0,5.3,1
1,13.0,1,10,14.0,7.7,1
1,12.0,4,15,13.0,8.3,1
2,22.0,10,13,30.0,7.7,1
1,36.0,3,9,48.0,7.4,1
1,13.0,4,4,13.0,8.2,1
2,15.0,3,7,19.0,7.6,1
1,5.0,1,10,9.0,6.2,1
1,7.0,1,2,13.0,6.0,1
1,11.0,1,18,14.0,7.5,1
3,6.0,1,1,9.0,6.7,1
1,12.0,2,9,16.0,7.9,1
1,0.0,0,2,0.0,8.3,1
2,31.0,2,14,39.0,7.9,1
2,15.0,5,6,19.0,7.6,1
2,7.0,1,3,13.0,6.4,1
2,21.0,7,8,32.0,6.7,1
1,19.0,1,9,23.0,7.8,1
2,5.0,3,3,8.0,7.0,1
2,10.0,4,3,12.0,7.5,1
1,17.0,4,4,25.0,6.8,1
1,5.0,0,3,8.0,6.2,1
1,12.0,3,6,17.0,7.2,1
2,16.0,4,24,20.0,7.9,1
2,10.0,2,2,10.0,8.4,1
2,20.0,6,3,20.0,8.5,1
1,38.0,8,22,47.0,8.2,1
1,22.0,6,40,29.0,7.6,1
1,10.0,4,27,14.0,7.5,1
1,8.0,1,14,10.0,7.2,1
2,6.0,0,4,9.0,6.9,1
1,12.0,7,6,15.0,7.4,1
1,167.0,10,21,200.0,8.7,1
1,10.0,0,3,11.0,8.2,1
2,11.0,2,24,15.0,7.8,1
2,36.0,18,29,40.0,8.6,1
1,16.0,9,10,19.0,7.8,1
2,16.0,7,12,19.0,7.4,1
1,12.0,0,3,14.0,8.0,1
1,86.0,12,66,106.0,8.5,1
1,30.0,5,6,44.0,7.0,1
1,27.0,3,14,37.0,7.7,1
2,9.0,2,11,9.0,8.3,1
1,14.0,0,6,17.0,7.8,1
1,8.0,0,13,14.0,6.8,1
2,6.0,1,1,9.0,6.7,1
2,24.0,3,7,36.0,7.1,1
1,47.0,7,8,57.0,8.5,1
1,11.0,0,4,14.0,7.4,1
1,6.0,3,4,11.0,5.8,1
1,9.0,1,1,13.0,6.5,1
1,55.0,9,82,63.0,8.9,1
1,66.0,7,14,85.0,7.9,1
1,34.0,4,11,39.0,8.8,1
1,3.0,1,4,5.0,6.9,1
1,58.0,1,2,70.0,8.1,1
1,7.0,3,95,9.0,8.0,1
1,4.0,1,42,6.0,6.8,1
1,17.0,3,22,28.0,6.4,1
1,2.0,1,2,3.0,7.1,1
1,18.0,3,8,21.0,7.8,1
1,9.0,3,9,14.0,6.1,1
1,10.0,5,17,19.0,6.5,1
1,3.0,1,3,8.0,5.6,1
1,5.0,1,3,7.0,7.4,1
1,24.0,6,9,40.0,5.8,1
1,141.0,59,181,206.0,7.1,1
1,8.0,0,2,9.0,7.5,1
1,7.0,5,8,18.0,5.4,1
1,4.0,2,6,8.0,6.1,1
2,57.0,11,12,80.0,7.6,1
1,33.0,8,26,36.0,9.1,1
1,18.0,0,0,20.0,8.5,1
1,5.0,3,56,7.0,7.4,1
1,5.0,0,24,5.0,8.0,1
2,7.0,0,16,8.0,7.7,1
2,29.0,3,27,35.0,7.8,1
1,33.0,13,26,36.0,8.6,1
2,9.0,2,2,12.0,7.4,1
1,163.0,50,102,220.0,8.1,1
2,11.0,2,18,17.0,6.6,1
2,15.0,7,17,21.0,8.0,1
1,32.0,1,18,48.0,7.3,1
1,13.0,0,25,20.0,6.7,1
2,22.0,14,20,26.0,8.4,1
2,6.0,2,1,8.0,6.7,1
1,8.0,0,14,8.0,8.3,1
1,255.0,92,807,334.0,8.3,1
1,67.0,16,71,82.0,8.1,1
2,294.0,107,122,386.0,8.1,1
1,6.0,1,8,11.0,6.2,1
1,403.0,75,537,511.0,8.8,1
1,122.0,16,83,175.0,7.8,1
1,13.0,3,54,12.0,8.6,1
1,58.0,1,19,65.0,8.9,1
1,22.0,4,24,47.0,5.9,1
2,45.0,13,14,52.0,8.5,1
1,8.0,6,68,10.0,8.0,1
1,15.0,0,0,31.0,5.9,1
1,24.0,9,108,30.0,8.2,1
1,70.0,12,18,83.0,8.5,1
1,8.0,1,9,11.0,7.1,1
1,47.0,8,20,62.0,7.5,1
1,22.0,2,81,26.0,8.1,1
1,19.0,1,12,34.0,6.1,1
1,25.0,4,51,31.0,8.5,1
1,34.0,5,7,45.0,7.5,1
1,12.0,0,8,13.0,8.2,1
2,62.0,0,19,82.0,7.7,1
1,12.0,6,43,15.0,7.9,1
1,33.0,5,21,39.0,8.3,1
1,11.0,2,1,15.0,7.2,1
1,8.0,2,8,9.0,8.2,1
1,11.0,0,4,14.0,7.5,1
1,70.0,23,108,91.0,8.0,1
1,36.0,7,9,46.0,8.4,1
2,15.0,2,0,19.0,7.1,1
2,13.0,1,5,18.0,7.2,1
1,6.0,3,12,10.0,6.5,1
1,283.0,27,400,343.0,8.7,1
1,24.0,6,9,29.0,8.0,1
1,44.0,9,24,68.0,7.2,1
1,78.0,13,25,116.0,6.9,1
1,20.0,2,3,25.0,7.5,1
1,58.0,5,18,67.0,8.5,1
1,8.0,3,6,9.0,8.1,1
2,11.0,0,2,14.0,6.9,1
1,47.0,22,99,76.0,6.7,1
1,7.0,0,9,11.0,6.1,1
1,7.0,4,16,11.0,6.1,1
1,1.0,0,1,1.0,7.3,1
1,1.0,0,0,1.0,7.7,1
1,5.0,2,75,6.0,7.9,1
1,3.0,0,0,3.0,6.5,1
1,4.0,1,3,5.0,7.5,1
1,29.0,2,14,39.0,7.7,1
1,8.0,4,2,11.0,8.0,1
1,267.0,53,1448,315.0,8.9,1
1,66.0,21,115,84.0,8.1,1
2,8.0,1,43,15.0,5.6,1
2,49.0,21,47,73.0,7.0,1
1,0.0,0,0,0.0,8.3,1
2,24.0,10,12,34.0,7.3,1
2,8.0,2,0,13.0,6.8,1
1,4.0,1,8,5.0,6.9,1
1,13.0,3,43,18.0,7.6,1
1,0.0,0,0,0.0,6.6,1
1,80.0,10,77,93.0,8.9,1
1,62.0,9,12,83.0,7.7,1
1,11.0,0,2,15.0,7.7,1
1,45.0,12,7,58.0,7.7,1
1,10.0,1,6,10.0,8.4,1
1,17.0,3,3,22.0,7.6,1
1,4.0,5,6,9.0,6.0,1
1,132.0,25,1393,158.0,9.0,1
1,17.0,1,185,21.0,8.2,1
1,21.0,12,179,32.0,7.3,1
1,18.0,1,12,17.0,8.8,1
1,16.0,7,120,19.0,7.9,1
1,15.0,3,142,20.0,7.2,1
2,10.0,0,4,14.0,7.1,1
1,70.0,24,348,97.0,7.7,1
1,16.0,0,3,20.0,6.8,1
1,16.0,5,3,33.0,5.3,1
1,72.0,6,23,101.0,7.6,1
2,51.0,9,45,66.0,7.9,1
1,9.0,4,4,9.0,8.5,1
2,24.0,5,11,35.0,6.8,1
1,3.0,0,1,3.0,6.5,1
1,0.0,0,0,0.0,8.1,1
1,36.0,4,155,52.0,6.2,1
1,2.0,0,1,2.0,6.7,1
1,8.0,2,4,10.0,7.0,1
1,182.0,46,43,248.0,8.0,1
1,5.0,0,6,8.0,6.5,1
1,30.0,3,7,46.0,7.4,1
2,17.0,4,6,23.0,7.3,1
2,71.0,11,23,121.0,6.4,1
1,28.0,5,25,40.0,7.4,1
1,18.0,3,18,22.0,8.1,1
2,9.0,1,9,10.0,8.2,1
2,31.0,7,29,47.0,7.0,1
1,2.0,2,3,7.0,5.6,1
1,8.0,1,34,12.0,6.1,1
2,6.0,6,5,16.0,5.6,1
1,169.0,51,79,202.0,9.0,1
1,19.0,1,10,23.0,7.9,1
1,7.0,0,3,8.0,7.7,1
1,0.0,0,1,0.0,7.9,1
1,28.0,7,157,35.0,8.1,1
2,11.0,0,4,13.0,7.8,1
1,8.0,2,10,16.0,5.7,1
1,0.0,0,0,0.0,7.0,1
1,10.0,0,6,15.0,7.0,1
1,52.0,7,17,68.0,8.0,1
2,10.0,1,1,14.0,6.7,1
1,8.0,2,5,11.0,6.6,1
1,19.0,7,6,21.0,7.9,1
1,738.0,64,903,882.0,9.0,1
1,37.0,16,81,49.0,7.4,1
1,10.0,3,38,15.0,6.5,1
1,10.0,4,7,15.0,6.7,1
1,22.0,5,80,21.0,9.1,1
1,8.0,2,4,10.0,6.9,1
2,175.0,77,481,248.0,8.5,1
1,13.0,4,24,18.0,7.8,1
2,9.0,1,4,13.0,6.4,1
2,10.0,2,7,24.0,5.5,1
2,3.0,2,2,8.0,5.7,1
2,362.0,74,132,468.0,8.6,1
1,15.0,1,19,16.0,8.3,1
1,6.0,0,31,10.0,5.9,1
1,36.0,4,22,53.0,6.8,1
1,9.0,4,12,17.0,5.6,1
1,15.0,5,30,23.0,6.8,1
1,10.0,3,16,19.0,5.6,1
2,3.0,3,3,8.0,6.0,1
2,7.0,2,9,9.0,6.8,1
2,8.0,4,41,12.0,7.3,1
1,4.0,6,10,10.0,7.8,1
2,15.0,3,7,24.0,6.0,1
2,7.0,2,18,11.0,7.0,1
2,6.0,6,24,12.0,5.8,1
2,4.0,8,15,14.0,6.2,1
1,0.0,0,0,1.0,6.2,1
2,7.0,6,5,10.0,7.5,1
1,7.0,1,6,8.0,7.2,1
1,11.0,1,3,13.0,7.2,1
1,7.0,2,26,9.0,8.0,1
1,20.0,4,117,26.0,7.9,1
2,21.0,5,22,24.0,8.4,1
1,11.0,3,4,26.0,5.7,1
1,6.0,0,32,9.0,7.9,1
1,3.0,0,1,3.0,8.0,1
1,0.0,0,0,0.0,7.8,1
2,7.0,1,2,12.0,6.4,1
2,25.0,2,4,35.0,7.0,1
1,6.0,0,2,9.0,6.9,1
1,436.0,88,376,515.0,9.0,1
1,8.0,1,2,10.0,7.3,1
1,13.0,5,13,18.0,7.1,1
2,12.0,0,65,15.0,7.9,1
4,3.0,2,43,8.0,6.9,1
2,1.0,2,37,13.0,8.2,1
2,2.0,3,35,9.0,6.2,1
2,8.0,3,104,25.0,6.3,1
2,7.0,1,50,8.0,7.2,1
3,11.0,4,75,25.0,5.2,1
2,57.0,36,168,91.0,7.5,1
2,185.0,71,904,288.0,6.9,1
1,4.0,1,11,8.0,5.7,1
2,111.0,29,126,155.0,7.8,1
1,83.0,80,68,118.0,8.2,1
2,7.0,7,42,12.0,6.8,1
1,10.0,3,18,12.0,7.7,1
1,49.0,8,71,79.0,6.8,1
1,5.0,1,1,9.0,6.7,1
1,112.0,41,308,138.0,8.8,1
1,30.0,8,316,38.0,7.9,1
2,29.0,12,91,45.0,7.4,1
1,119.0,51,114,155.0,8.5,1
1,11.0,1,19,13.0,7.9,1
1,7.0,0,58,8.0,7.4,1
1,6.0,3,40,10.0,7.1,1
1,11.0,5,42,15.0,7.3,1
1,39.0,14,82,50.0,8.4,1
1,14.0,5,81,16.0,8.6,1
1,6.0,4,38,14.0,5.9,1
1,14.0,1,12,14.0,8.6,1
1,54.0,16,308,63.0,8.8,1
1,17.0,3,30,23.0,7.6,1
1,193.0,8,184,224.0,8.8,1
2,110.0,19,66,133.0,8.5,1
2,25.0,0,7,35.0,7.3,1
1,5.0,0,2,5.0,7.8,1
1,9.0,2,5,13.0,6.7,1
1,29.0,3,16,38.0,7.7,1
1,6.0,1,4,8.0,6.9,1
2,15.0,1,4,20.0,7.4,1
1,39.0,5,45,51.0,7.7,1
2,8.0,1,4,9.0,7.8,1
1,245.0,27,299,309.0,8.2,1
1,31.0,84,57,48.0,8.1,1
3,30.0,11,35,47.0,6.6,1
1,17.0,6,22,25.0,7.4,1
1,11.0,4,5,17.0,6.1,1
1,43.0,5,22,59.0,7.4,1
1,3.0,0,2,3.0,7.4,1
1,51.0,14,52,79.0,7.3,1
1,7.0,0,5,15.0,6.0,1
1,16.0,8,27,21.0,6.9,1
1,1.0,0,0,1.0,7.8,1
1,319.0,79,70,402.0,8.4,1
1,34.0,6,105,46.0,7.4,1
1,29.0,3,4,37.0,7.6,1
1,9.0,117,60,32.0,7.3,1
1,6.0,0,6,8.0,6.6,1
1,18.0,3,2,19.0,8.5,1
1,4.0,1,11,9.0,6.4,1
1,21.0,127,141,27.0,8.6,1
1,11.0,0,3,12.0,8.1,1
1,53.0,7,134,72.0,7.5,1
1,6.0,1,6,8.0,7.4,1
1,9.0,4,9,11.0,6.5,1
1,116.0,11,65,134.0,9.0,1
1,68.0,26,101,95.0,7.4,1
1,42.0,8,20,58.0,7.4,1
1,7.0,3,17,9.0,7.6,1
1,5.0,1,3,6.0,6.8,1
1,112.0,22,59,136.0,8.3,1
2,12.0,5,17,26.0,5.6,1
1,6.0,1,15,6.0,7.2,1
1,23.0,7,221,31.0,8.1,1
1,12.0,2,67,13.0,8.1,1
1,58.0,79,58,97.0,8.7,1
1,5.0,0,23,5.0,7.8,1
1,4.0,0,10,4.0,8.0,1
1,15.0,0,78,15.0,8.6,1
1,7.0,3,35,15.0,6.0,1
1,3.0,8,32,10.0,5.4,1
1,56.0,77,87,91.0,7.4,1
1,11.0,1,59,14.0,7.1,1
1,13.0,5,162,27.0,6.0,1
1,20.0,5,46,28.0,7.9,1
1,1.0,0,0,1.0,8.1,1
1,49.0,4,70,69.0,7.2,1
1,2.0,0,3,2.0,8.0,1
1,10.0,4,5,12.0,7.3,1
1,391.0,185,294,541.0,7.8,1
1,5.0,2,7,8.0,6.1,1
2,31.0,7,7,40.0,7.8,1
1,8.0,1,7,10.0,7.2,1
1,7.0,0,1,8.0,7.6,1
2,20.0,3,6,31.0,6.1,1
1,12.0,3,24,20.0,5.8,1
2,264.0,83,342,423.0,7.0,1
1,7.0,3,8,10.0,6.5,1
1,259.0,33,335,348.0,7.9,1
2,49.0,25,160,94.0,5.8,1
1,9.0,0,5,8.0,7.9,1
1,0.0,0,2,0.0,6.3,1
1,6.0,3,11,9.0,7.1,1
1,0.0,0,5,0.0,6.3,1
1,212.0,69,180,283.0,8.4,1
1,88.0,29,510,113.0,9.0,1
3,193.0,65,648,267.0,8.2,1
1,76.0,18,173,90.0,8.4,1
2,58.0,36,94,100.0,7.5,1
1,18.0,3,157,29.0,6.4,1
2,6.0,0,12,8.0,6.9,1
2,153.0,60,298,235.0,7.4,1
1,16.0,8,11,19.0,8.2,1
1,43.0,39,90,77.0,6.2,1
1,12.0,4,31,16.0,8.0,1
2,21.0,14,76,31.0,8.5,1
1,6.0,1,3,8.0,6.6,1
1,0.0,0,0,0.0,7.9,1
2,1888.0,204,5341,2145.0,9.3,1
1,239.0,39,934,290.0,8.7,1
1,1134.0,69,2284,1294.0,9.1,1
2,98.0,34,338,125.0,9.0,1
1,198.0,16,332,231.0,8.8,1
1,18.0,6,140,24.0,7.8,1
3,40.0,4,151,50.0,8.2,1
1,79.0,20,84,108.0,8.3,1
2,104.0,18,187,134.0,8.2,1
1,66.0,3,163,73.0,9.2,1
1,131.0,57,205,194.0,7.6,1
1,11.0,1,9,13.0,8.2,1
1,24.0,0,34,25.0,8.9,1
2,20.0,8,72,39.0,6.4,1
1,13.0,4,21,18.0,7.3,1
1,22.0,1,38,29.0,7.7,1
1,7.0,2,8,10.0,7.4,1
1,25.0,2,15,31.0,8.2,1
1,0.0,0,7,0.0,7.8,1
1,30.0,2,23,34.0,8.3,1
1,6.0,1,10,12.0,5.7,1
1,50.0,9,65,65.0,7.9,1
1,48.0,16,27,72.0,7.3,1
1,98.0,60,272,180.0,6.5,1
2,6.0,1,7,10.0,6.7,1
1,5.0,0,8,5.0,7.7,1
2,11.0,3,27,15.0,7.0,1
1,14.0,1,13,17.0,7.6,1
1,41.0,4,70,53.0,7.8,1
1,5.0,6,11,11.0,6.6,1
2,55.0,27,97,79.0,7.1,1
1,10.0,4,0,13.0,7.9,1
1,425.0,43,906,506.0,8.8,1
1,90.0,19,342,117.0,8.3,1
1,12.0,10,10,22.0,6.8,1
1,17.0,5,74,19.0,8.5,1
1,51.0,12,30,73.0,7.7,1
1,9.0,2,77,12.0,7.1,1
1,2.0,0,3,2.0,7.4,1
1,7.0,1,4,8.0,8.0,1
1,14.0,2,13,16.0,7.9,1
1,60.0,18,45,82.0,7.5,1
1,113.0,106,70,166.0,8.6,1
1,9.0,1,11,11.0,6.9,1
2,35.0,39,58,71.0,6.4,1
1,11.0,5,22,21.0,6.1,1
1,128.0,25,177,180.0,7.3,1
1,10.0,2,9,18.0,6.2,1
1,1.0,0,6,2.0,7.0,1
1,8.0,4,26,20.0,5.6,1
2,130.0,25,30,184.0,7.5,1
1,20.0,11,28,46.0,5.9,1
1,6.0,1,20,9.0,7.1,1
2,157.0,65,139,240.0,7.5,1
1,20.0,18,15,33.0,7.2,1
1,4.0,0,11,6.0,7.1,1
2,14.0,3,17,20.0,6.9,1
1,123.0,28,1269,142.0,9.2,1
1,39.0,9,90,48.0,8.1,1
2,4.0,4,27,12.0,7.3,1
1,9.0,1,14,9.0,8.2,1
1,10.0,4,6,14.0,7.2,1
1,9.0,1,31,10.0,7.8,1
1,8.0,5,28,15.0,6.3,1
1,32.0,20,7,42.0,8.2,1
2,285.0,85,143,385.0,8.2,1
1,72.0,9,79,89.0,8.3,1
1,55.0,15,47,77.0,7.7,1
1,10.0,5,12,20.0,5.8,1
1,4.0,2,6,9.0,6.6,1
1,18.0,5,95,21.0,7.7,1
1,13.0,6,15,22.0,6.3,1
1,13.0,1,3,17.0,6.8,1
1,7.0,1,9,9.0,7.2,1
2,41.0,17,17,56.0,7.9,1
1,30.0,3,89,42.0,7.1,1
2,5.0,4,24,16.0,5.1,1
1,12.0,1,40,15.0,7.9,1
2,7.0,2,12,10.0,8.3,1
1,10.0,0,5,11.0,7.7,1
1,132.0,14,148,163.0,8.7,1
1,7.0,2,4,9.0,7.5,1
1,6.0,1,1,9.0,6.5,1
1,1.0,0,1,2.0,6.5,1
3,1245.0,330,843,1598.0,8.3,1
1,268.0,33,369,332.0,8.4,1
1,104.0,9,119,138.0,7.6,1
1,117.0,14,95,151.0,8.2,1
2,18.0,3,14,31.0,6.5,1
2,4.0,2,4,8.0,5.7,1
2,1335.0,596,2785,1992.0,7.6,1
1,8.0,1,46,17.0,5.7,1
3,43.0,7,164,58.0,7.5,1
1,25.0,14,69,36.0,6.9,1
2,118.0,57,132,180.0,7.5,1
2,96.0,47,193,153.0,7.0,1
2,27.0,19,54,43.0,6.7,1
1,12.0,2,43,13.0,7.7,1
2,16.0,23,20,38.0,6.0,1
2,82.0,17,185,94.0,8.8,1
2,48.0,20,26,81.0,7.6,1
2,21.0,15,53,37.0,6.5,1
2,93.0,25,27,136.0,7.6,1
1,46.0,9,8,64.0,7.6,1
2,25.0,5,2,31.0,8.3,1
2,4.0,3,1,11.0,5.8,1
2,14.0,1,8,17.0,7.8,1
2,17.0,6,5,28.0,6.5,1
1,9.0,4,54,22.0,6.1,1
1,8.0,2,17,11.0,7.1,1
2,77.0,48,124,131.0,6.9,1
2,10.0,9,13,19.0,6.5,1
1,6.0,3,9,14.0,5.7,1
2,47.0,12,4,67.0,6.9,1
1,53.0,11,54,84.0,6.6,1
1,41.0,9,36,50.0,8.0,1
2,13.0,2,7,17.0,7.2,1
1,7.0,1,2,10.0,6.4,1
2,19.0,16,31,44.0,5.4,1
1,5.0,2,2,7.0,7.2,1
1,62.0,41,60,92.0,8.0,1
1,1156.0,381,623,1338.0,9.4,1
1,272.0,30,244,397.0,7.7,1
1,11.0,1,20,15.0,8.1,1
2,59.0,17,37,89.0,7.3,1
1,305.0,82,147,381.0,8.5,1
1,112.0,37,67,210.0,5.9,1
1,52.0,8,31,68.0,8.0,1
2,217.0,81,214,318.0,7.3,1
1,72.0,14,39,85.0,8.5,1
2,18.0,12,4,25.0,8.2,1
1,55.0,10,34,79.0,6.9,1
1,17.0,0,24,19.0,8.1,1
1,26.0,15,11,42.0,6.7,1
2,155.0,48,96,214.0,7.9,1
1,39.0,14,25,67.0,6.5,1
1,6.0,0,6,9.0,7.0,1
2,28.0,6,19,44.0,6.6,1
1,5.0,2,10,6.0,6.8,1
1,16.0,4,6,19.0,7.6,1
1,7.0,4,5,11.0,6.2,1
2,7.0,1,19,13.0,5.9,1
1,278.0,23,165,353.0,8.1,1
1,8.0,0,2,8.0,8.2,1
1,149.0,225,146,274.0,7.5,1
2,31.0,8,21,38.0,7.4,1
1,8.0,3,4,8.0,7.6,1
2,36.0,10,10,51.0,6.8,1
1,42.0,2,18,73.0,6.4,1
1,6.0,2,3,8.0,6.6,1
1,150.0,11,275,197.0,8.1,1
1,84.0,8,30,105.0,8.7,1
1,28.0,1,14,48.0,6.6,1
1,9.0,0,14,11.0,7.1,1
2,30.0,11,12,46.0,6.7,1
1,9.0,0,5,10.0,7.9,1
1,4.0,1,11,4.0,7.7,1
1,7.0,3,24,8.0,8.1,1
1,15.0,3,10,20.0,8.3,1
2,12.0,2,4,16.0,7.5,1
1,8.0,0,0,9.0,7.2,1
2,32.0,9,11,46.0,7.1,1
1,1053.0,170,1870,1282.0,9.0,1
1,134.0,13,299,156.0,8.9,1
1,43.0,11,71,66.0,7.2,1
1,4.0,0,11,4.0,8.0,1
1,2285.0,239,10786,2678.0,9.3,1
1,912.0,77,6009,1043.0,9.3,1
1,1801.0,264,9847,2314.0,8.4,1
1,225.0,24,1482,284.0,8.7,1
1,370.0,58,2489,464.0,8.6,1
1,572.0,126,3090,767.0,8.7,1
1,158.0,22,1050,194.0,9.1,1
1,196.0,50,1720,294.0,7.7,1
2,1307.0,480,7373,2196.0,6.7,1
1,9.0,1,12,10.0,8.3,1
1,24.0,12,274,48.0,5.8,1
1,18.0,5,37,21.0,8.3,1
3,6.0,2,3,8.0,7.5,1
2,1070.0,471,1218,1670.0,7.7,1
1,371.0,56,2355,411.0,9.4,1
1,757.0,277,3749,1080.0,8.1,1
2,752.0,143,643,974.0,8.4,1
3,1861.0,468,2751,2472.0,8.6,1
1,198.0,20,196,267.0,8.1,1
2,156.0,84,553,231.0,8.2,1
1,237.0,71,154,280.0,8.9,1
1,98.0,12,269,111.0,8.8,1
2,138.0,43,467,197.0,8.4,1
1,85.0,6,263,100.0,8.6,1
3,173.0,46,946,244.0,8.0,1
1,6.0,2,19,8.0,7.8,1
1,8.0,0,5,9.0,7.7,1
4,11.0,0,45,11.0,8.4,1
2,10.0,5,33,13.0,7.4,1
1,24.0,5,32,30.0,8.3,1
1,56.0,31,43,83.0,7.5,1
1,21.0,4,17,39.0,5.7,1
2,50.0,17,74,70.0,6.9,1
1,79.0,28,24,97.0,8.4,1
1,1169.0,142,5726,1400.0,9.0,1
2,707.0,144,1501,885.0,9.0,1
1,46.0,14,48,74.0,6.6,1
1,101.0,74,133,161.0,7.6,1
1,31.0,5,116,38.0,7.8,1
1,11.0,1,24,26.0,5.8,1
1,58.0,17,57,97.0,6.7,1
1,42.0,3,26,52.0,7.7,1
1,61.0,17,41,82.0,7.9,1
1,13.0,0,46,14.0,8.1,1
1,1.0,1,16,4.0,6.3,1
3,3042.0,285,5324,3557.0,9.0,1
1,968.0,239,1660,1224.0,8.8,1
1,327.0,37,675,380.0,9.0,1
1,164.0,59,103,216.0,8.2,1
1,1062.0,359,853,1397.0,8.5,1
1,30.0,2,39,46.0,7.1,1
1,33.0,2,94,36.0,8.7,1
1,144.0,76,106,217.0,7.9,1
1,77.0,10,105,93.0,9.0,1
1,21.0,4,68,28.0,8.2,1
1,18.0,5,29,23.0,7.5,1
1,109.0,49,97,148.0,8.5,1
1,65.0,12,54,86.0,7.9,1
1,14.0,6,31,34.0,5.4,1
1,73.0,74,179,144.0,6.4,1
1,0.0,0,1,0.0,7.8,1
1,18.0,3,108,22.0,7.9,1
1,240.0,68,356,326.0,8.0,1
1,14.0,9,33,22.0,7.8,1
1,34.0,4,16,57.0,6.1,1
1,6.0,0,9,8.0,7.4,1
1,16.0,7,6,24.0,6.5,1
2,24.0,10,22,37.0,6.3,1
2,29.0,17,48,43.0,6.2,1
2,7.0,3,11,11.0,6.6,1
1,10.0,0,2,12.0,7.0,1
1,8.0,1,3,11.0,6.6,1
2,34.0,18,57,46.0,7.8,1
2,77.0,27,37,137.0,7.0,1
1,11.0,3,15,22.0,5.9,1
2,12.0,6,15,22.0,6.6,1
2,18.0,3,6,24.0,7.6,1
1,8.0,0,0,15.0,5.6,1
2,12.0,7,10,24.0,5.8,1
2,29.0,7,15,39.0,7.4,1
2,11.0,5,2,18.0,6.1,1
1,11.0,5,13,17.0,6.8,1
1,4.0,3,6,8.0,5.5,1
1,31.0,9,35,47.0,7.0,1
2,4.0,2,26,11.0,5.3,1
1,425.0,49,476,541.0,8.4,1
1,17.0,4,4,26.0,7.4,1
1,47.0,11,98,69.0,7.3,1
1,6.0,4,7,11.0,6.6,1
3,29.0,6,10,38.0,7.6,1
1,15.0,0,6,20.0,6.7,1
1,7.0,1,6,11.0,6.1,1
2,6.0,9,16,15.0,5.6,1
2,13.0,12,11,20.0,6.8,1
1,5.0,0,1,9.0,5.9,1
2,7.0,2,3,17.0,5.7,1
2,4.0,0,1,8.0,5.7,1
2,26.0,12,5,36.0,7.2,1
1,48.0,7,20,70.0,7.1,1
2,35.0,11,17,43.0,8.1,1
1,128.0,17,1393,155.0,8.8,1
1,118.0,19,433,135.0,9.2,1
1,555.0,397,367,712.0,8.4,1
1,1.0,1,2,2.0,7.3,1
2,11.0,2,7,15.0,7.4,1
2,8.0,2,4,13.0,6.0,1
2,11.0,0,4,12.0,8.3,1
1,221.0,26,2787,283.0,8.2,1
2,185.0,83,500,270.0,7.7,1
1,13.0,1,75,17.0,7.3,1
1,7.0,0,7,8.0,7.5,1
1,22.0,3,153,30.0,7.5,1
1,406.0,196,216,462.0,8.9,1
1,17.0,4,28,26.0,7.2,1
1,77.0,5,57,83.0,9.0,1
1,20.0,3,19,39.0,6.0,1
1,62.0,8,25,74.0,8.2,1
1,35.0,4,29,60.0,6.2,1
1,34.0,4,11,67.0,5.8,1
1,10.0,0,14,13.0,7.3,1
1,74.0,12,47,107.0,6.8,1
1,6.0,2,3,12.0,5.5,1
1,150.0,40,194,214.0,8.3,1
2,269.0,129,301,401.0,7.5,1
1,22.0,7,22,31.0,7.2,1
1,28.0,3,12,36.0,7.8,1
1,995.0,162,1126,1198.0,8.9,1
1,93.0,14,65,124.0,7.6,1
2,39.0,13,31,54.0,7.5,1
1,81.0,33,34,102.0,8.1,1
1,47.0,7,26,61.0,7.7,1
3,1157.0,501,2615,1713.0,7.8,1
1,36.0,79,17,49.0,8.9,1
1,2.0,0,1,2.0,7.2,1
1,6.0,1,6,9.0,6.1,1
1,52.0,7,357,56.0,9.3,1
2,25.0,3,50,36.0,7.2,1
3,15.0,0,18,15.0,8.3,1
1,67.0,93,38,91.0,8.6,1
1,88.0,93,48,114.0,8.5,1
2,8.0,3,21,10.0,7.2,1
1,49.0,45,29,69.0,7.8,1
1,4.0,4,8,8.0,6.1,1
1,520.0,69,570,626.0,8.8,1
1,55.0,6,42,84.0,7.0,1
1,41.0,8,66,45.0,9.0,1
1,18.0,6,35,25.0,7.4,1
1,65.0,10,60,81.0,8.7,1
1,18.0,4,16,25.0,8.2,1
1,15.0,8,81,19.0,8.0,1
1,16.0,9,24,38.0,5.5,1
1,110.0,29,103,154.0,7.2,1
1,115.0,86,157,210.0,5.7,1
1,21.0,8,16,35.0,6.5,1
1,1.0,1,3,2.0,7.8,1
1,89.0,19,45,160.0,6.4,1
3,33.0,4,17,46.0,7.7,1
1,117.0,401,114,209.0,7.8,1
2,90.0,28,58,125.0,7.8,1
2,9.0,0,9,11.0,7.5,1
2,3.0,3,14,10.0,5.7,1
1,11.0,3,31,15.0,7.4,1
1,6.0,1,37,9.0,6.8,1
1,89.0,22,19,120.0,8.1,1
1,54.0,9,289,43.0,9.3,1
1,14.0,0,77,18.0,7.0,1
1,4.0,2,3,7.0,7.4,1
2,72.0,63,67,113.0,8.0,1
1,20.0,9,16,30.0,7.5,1
1,11.0,3,9,15.0,7.1,1
2,9.0,0,4,17.0,6.0,1
2,38.0,11,7,62.0,6.0,1
2,12.0,3,1,19.0,6.6,1
1,6.0,0,0,8.0,6.5,1
1,33.0,7,5,35.0,8.9,1
1,14.0,3,3,20.0,7.1,1
2,6.0,5,23,9.0,7.3,1
2,17.0,3,13,36.0,5.4,1
1,21.0,2,20,31.0,6.8,1
1,10.0,4,1,13.0,7.4,1
2,9.0,0,0,12.0,6.8,1
2,7.0,2,2,8.0,7.1,1
1,9.0,1,3,12.0,6.9,1
1,7.0,8,2,12.0,6.2,1
1,9.0,1,0,13.0,6.8,1
2,92.0,37,23,133.0,8.2,1
2,8.0,4,20,13.0,6.5,1
1,14.0,1,22,24.0,6.1,1
1,18.0,25,5,28.0,8.5,1
2,51.0,12,13,82.0,6.6,1
2,75.0,24,66,140.0,5.4,1
2,82.0,20,47,133.0,6.5,1
1,49.0,7,24,75.0,6.7,1
1,30.0,1,25,38.0,7.9,1
2,53.0,18,29,76.0,7.6,1
2,6.0,4,0,15.0,5.9,1
2,12.0,0,24,15.0,7.5,1
1,8.0,2,13,9.0,7.5,1
2,5.0,3,4,8.0,6.9,1
1,12.0,5,2,17.0,6.8,1
1,6.0,5,9,10.0,6.9,1
1,53.0,17,12,74.0,7.8,1
1,139.0,28,83,180.0,8.0,1
1,8.0,4,3,14.0,6.5,1
1,16.0,5,7,19.0,8.0,1
1,23.0,5,52,38.0,6.1,1
1,12.0,2,7,14.0,7.6,1
2,197.0,33,92,276.0,7.6,1
2,56.0,6,30,69.0,8.2,1
2,66.0,32,78,86.0,7.7,1
1,13.0,4,24,22.0,6.1,1
1,61.0,8,215,79.0,8.3,1
1,399.0,86,308,460.0,9.1,1
1,522.0,274,183,657.0,9.0,1
1,145.0,153,66,196.0,9.4,1
1,55.0,2,23,73.0,7.0,1
1,185.0,56,1574,244.0,8.3,1
2,37.0,3,94,41.0,9.0,1
1,138.0,42,211,180.0,8.4,1
1,303.0,38,50,380.0,8.5,1
1,101.0,25,124,136.0,7.9,1
2,41.0,6,32,62.0,7.1,1
1,107.0,24,37,140.0,7.9,1
1,16.0,4,16,21.0,7.7,1
1,116.0,33,26,168.0,7.3,1
1,16.0,11,40,32.0,6.1,1
1,7.0,5,12,11.0,6.5,1
1,8.0,5,15,18.0,6.0,1
1,5.0,2,7,7.0,7.3,1
2,13.0,7,19,20.0,6.3,1
1,12.0,5,34,16.0,7.7,1
1,10.0,0,6,13.0,7.4,1
1,11.0,0,10,17.0,6.8,1
1,7.0,4,15,10.0,7.9,1
2,6.0,0,2,8.0,6.8,1
1,18.0,2,5,21.0,8.1,1
1,20.0,5,18,43.0,5.7,1
2,14.0,0,2,21.0,7.2,1
1,919.0,110,3259,1043.0,9.3,1
2,80.0,19,253,90.0,9.3,1
1,143.0,43,654,211.0,7.4,1
1,108.0,15,194,143.0,8.1,1
1,143.0,40,308,212.0,7.7,1
1,76.0,16,72,91.0,8.4,1
1,19.0,4,43,25.0,7.9,1
1,79.0,19,98,129.0,6.2,1
1,17.0,3,24,27.0,6.3,1
1,27.0,5,18,36.0,7.1,1
1,46.0,1,12,61.0,7.8,1
2,4.0,1,1,10.0,5.3,1
1,19.0,4,196,26.0,7.9,1
1,4.0,2,2,10.0,5.4,1
2,6.0,3,11,14.0,5.3,1
2,419.0,89,913,633.0,7.7,1
2,39.0,39,249,53.0,8.4,1
2,269.0,80,342,381.0,7.9,1
2,9.0,0,15,11.0,7.4,1
2,71.0,20,125,88.0,8.0,1
1,8.0,1,32,12.0,6.8,1
2,6.0,3,11,11.0,5.8,1
1,101.0,10,224,131.0,8.3,1
1,3.0,5,7,8.0,5.6,1
2,11.0,1,6,16.0,7.0,1
2,31.0,6,41,37.0,8.1,1
1,71.0,10,63,112.0,6.9,1
1,3.0,0,10,3.0,8.1,1
2,16.0,6,27,26.0,7.0,1
2,69.0,27,66,107.0,6.8,1
1,0.0,0,2,0.0,7.9,1
2,8.0,2,1,9.0,7.3,1
2,279.0,119,457,408.0,7.4,1
1,8.0,2,6,9.0,8.2,1
1,12.0,2,79,16.0,7.2,1
1,287.0,52,2919,341.0,9.1,1
1,1089.0,228,6993,1603.0,7.6,1
1,111.0,18,114,129.0,9.3,1
1,298.0,110,1319,494.0,6.9,1
1,81.0,25,54,107.0,8.5,1
2,49.0,8,20,81.0,6.4,1
2,338.0,107,167,540.0,6.8,1
2,188.0,59,186,267.0,7.9,1
1,38.0,3,68,47.0,8.5,1
1,25.0,2,5,32.0,7.6,1
3,11.0,8,19,21.0,5.7,1
1,217.0,177,1747,298.0,8.9,1
2,603.0,200,814,766.0,8.8,1
1,674.0,153,981,855.0,9.0,1
2,426.0,120,519,611.0,7.9,1
3,2533.0,968,1983,3509.0,8.0,1
1,429.0,139,201,590.0,8.0,1
2,53.0,25,213,110.0,6.0,1
1,91.0,31,146,169.0,6.5,1
1,114.0,39,226,178.0,7.1,1
1,9.0,2,38,9.0,8.3,1
2,135.0,58,168,240.0,6.1,1
2,31.0,9,34,51.0,6.2,1
2,5.0,1,13,10.0,5.9,1
2,5.0,1,3,8.0,6.9,1
2,6.0,3,12,8.0,7.2,1
2,668.0,249,463,959.0,8.0,1
1,192.0,50,448,286.0,7.5,1
1,14.0,2,38,17.0,7.8,1
2,127.0,57,77,189.0,7.9,1
2,34.0,12,38,53.0,6.9,1
1,28.0,7,50,44.0,6.8,1
1,13.0,6,20,24.0,6.3,1
2,58.0,48,132,127.0,5.3,1
2,7.0,8,13,18.0,5.5,1
1,13.0,12,25,23.0,6.8,1
2,13.0,6,10,25.0,5.9,1
2,708.0,130,539,869.0,8.6,1
1,265.0,61,184,353.0,8.1,1
1,8.0,4,18,11.0,7.1,1
1,78.0,54,99,152.0,5.9,1
1,80.0,32,218,107.0,7.8,1
1,26.0,15,44,45.0,6.2,1
1,18.0,2,26,20.0,8.2,1
1,1.0,0,1,1.0,7.8,1
1,273.0,79,1408,324.0,9.2,1
1,255.0,93,333,351.0,8.6,1
1,354.0,139,357,381.0,8.6,1
1,9.0,2,35,14.0,6.4,1
1,1257.0,727,1553,1705.0,8.1,1
1,14.0,3,59,19.0,7.9,1
1,3.0,2,10,4.0,7.8,1
1,5.0,3,11,7.0,7.4,1
1,31.0,28,22,47.0,8.6,1
1,2.0,2,2,2.0,7.7,1
2,35.0,12,43,56.0,6.5,1
2,74.0,22,524,127.0,6.4,1
1,1.0,1,11,1.0,8.1,1
2,81.0,21,48,143.0,5.7,1
1,58.0,21,78,127.0,5.6,1
1,96.0,21,89,140.0,7.3,1
1,25.0,10,27,37.0,7.2,1
1,3.0,1,1,4.0,7.7,1
1,247.0,21,209,358.0,7.7,1
1,79.0,7,184,103.0,8.0,1
2,115.0,53,122,177.0,7.3,1
1,7.0,1,7,8.0,8.1,1
2,8.0,8,13,18.0,6.3,1
1,24.0,14,66,54.0,5.4,1
2,6.0,4,11,16.0,5.3,1
1,19.0,3,24,28.0,6.8,1
1,586.0,176,3407,749.0,8.7,1
1,329.0,25,535,382.0,8.9,1
1,50.0,18,84,73.0,7.4,1
1,107.0,14,85,119.0,9.2,1
1,117.0,38,176,147.0,8.9,1
1,9.0,0,58,10.0,8.0,1
2,388.0,120,315,504.0,8.4,1
1,246.0,95,280,319.0,8.5,1
1,89.0,49,57,122.0,8.3,1
1,73.0,33,143,107.0,7.1,1
1,13.0,9,38,31.0,6.2,1
1,28.0,8,46,44.0,7.4,1
1,26.0,9,16,36.0,7.4,1
1,36.0,10,47,48.0,7.2,1
1,56.0,37,51,79.0,7.6,1
1,7.0,18,35,26.0,5.1,1
1,11.0,6,48,23.0,5.4,1
1,22.0,0,8,28.0,7.5,1
1,11.0,2,4,13.0,7.8,1
1,6.0,0,4,8.0,7.7,1
2,8.0,5,7,9.0,8.3,1
2,15.0,6,11,21.0,7.4,1
1,336.0,21,455,387.0,8.9,1
1,51.0,17,262,56.0,8.4,1
1,52.0,9,262,65.0,8.8,1
2,228.0,69,405,298.0,8.4,1
4,190.0,34,280,267.0,7.7,1
2,214.0,38,216,314.0,7.3,1
1,19.0,3,12,25.0,7.5,1
1,20.0,4,72,32.0,6.5,1
1,94.0,31,125,122.0,8.2,1
1,15.0,9,16,19.0,7.6,1
1,15.0,9,43,18.0,7.5,1
1,7.0,3,31,12.0,6.2,1
1,13.0,4,15,25.0,5.5,1
1,22.0,13,62,33.0,7.1,1
1,7.0,4,13,13.0,6.1,1
1,14.0,1,29,19.0,7.1,1
1,200.0,27,235,232.0,9.0,1
1,183.0,57,2080,236.0,8.7,1
1,174.0,50,883,225.0,8.8,1
1,217.0,26,201,267.0,8.5,1
2,138.0,24,44,200.0,7.3,1
1,132.0,40,52,209.0,6.7,1
1,13.0,8,54,20.0,7.5,1
1,5.0,0,8,8.0,6.8,1
1,47.0,14,36,59.0,8.2,1
2,88.0,38,138,163.0,5.9,1
1,53.0,11,34,71.0,7.9,1
3,24.0,9,33,44.0,5.9,1
1,22.0,11,45,29.0,7.4,1
1,16.0,2,6,27.0,6.1,1
1,19.0,6,15,22.0,8.3,1
1,30.0,5,21,48.0,6.7,1
1,758.0,177,786,912.0,8.8,1
1,61.0,13,31,95.0,7.1,1
1,11.0,0,13,12.0,8.3,1
1,43.0,7,30,64.0,8.3,1
1,14.0,3,82,17.0,8.6,1
1,233.0,43,67,295.0,8.4,1
1,62.0,3,22,71.0,8.8,1
2,330.0,72,268,415.0,8.5,1
1,39.0,6,34,55.0,7.4,1
1,87.0,16,74,108.0,8.4,1
1,49.0,14,52,69.0,7.0,1
1,7.0,6,18,16.0,5.7,1
2,7.0,0,4,9.0,6.8,1
2,14.0,2,9,21.0,6.6,1
1,229.0,14,187,318.0,7.9,1
1,33.0,7,186,37.0,8.7,1
2,40.0,1,26,67.0,6.5,1
2,123.0,24,74,150.0,8.5,1
2,20.0,21,50,42.0,5.9,1
1,13.0,3,31,20.0,7.6,1
1,20.0,1,14,26.0,7.7,1
1,39.0,4,36,48.0,8.1,1
2,11.0,4,18,14.0,7.6,1
1,41.0,8,37,54.0,8.0,1
1,4.0,3,16,7.0,6.8,1
1,2.0,1,10,4.0,7.8,1
1,10.0,4,30,16.0,6.6,1
1,43.0,11,90,63.0,7.6,1
1,1.0,0,7,1.0,7.3,1
1,104.0,32,309,139.0,7.7,1
1,15.0,4,46,17.0,7.9,1
1,2.0,0,1,2.0,7.3,1
1,46.0,11,77,57.0,8.3,1
1,10.0,5,15,17.0,6.1,1
1,12.0,7,12,20.0,7.0,1
1,13.0,7,13,15.0,7.7,1
1,7.0,0,2,10.0,6.6,1
2,18.0,2,5,28.0,6.4,1
1,6.0,0,1,9.0,6.3,1
1,18.0,3,10,24.0,7.1,1
1,18.0,7,15,44.0,5.1,1
2,20.0,5,6,24.0,7.5,1
1,134.0,7,222,170.0,8.2,1
2,43.0,7,18,50.0,8.6,1
1,27.0,2,7,36.0,7.7,1
1,9.0,2,5,12.0,7.3,1
1,53.0,11,28,81.0,6.6,1
2,24.0,5,24,31.0,7.7,1
1,8.0,1,16,9.0,7.7,1
2,9.0,2,9,10.0,7.4,1
1,7.0,1,46,10.0,7.1,1
1,8.0,2,0,9.0,7.9,1
1,9.0,3,0,10.0,7.9,1
1,6.0,1,12,8.0,7.7,1
1,11.0,1,6,21.0,6.5,1
2,42.0,8,15,59.0,7.5,1
2,11.0,4,21,14.0,7.6,1
2,6.0,1,1,12.0,5.6,1
1,75.0,13,26,103.0,7.7,1
2,23.0,1,20,25.0,8.6,1
1,9.0,0,4,11.0,7.9,1
1,10.0,3,15,13.0,6.9,1
1,3.0,0,6,3.0,7.0,1
1,7.0,1,8,11.0,6.1,1
1,48.0,4,27,64.0,7.9,1
2,29.0,3,36,45.0,7.3,1
2,9.0,2,25,12.0,7.9,1
2,18.0,4,4,23.0,7.5,1
2,9.0,0,4,10.0,7.9,1
1,57.0,4,58,66.0,8.7,1
2,26.0,6,9,36.0,7.7,1
1,2.0,1,1,3.0,7.7,1
1,45.0,17,146,57.0,8.1,1
1,14.0,7,21,26.0,5.9,1
1,38.0,5,31,52.0,7.7,1
1,5.0,1,3,10.0,6.4,1
1,11.0,2,0,21.0,5.9,1
1,9.0,0,7,12.0,6.7,1
1,40.0,5,14,58.0,7.4,1
2,35.0,9,7,48.0,7.8,1
1,7.0,5,4,14.0,5.6,1
1,26.0,1,0,45.0,5.6,1
1,329.0,170,594,610.0,6.1,1
1,7.0,0,11,9.0,7.5,1
1,7.0,4,52,8.0,8.0,1
1,5.0,3,3,13.0,5.4,1
1,2378.0,588,14582,3342.0,8.1,1
2,784.0,105,2277,879.0,8.5,1
1,798.0,243,3349,1153.0,8.0,1
1,96.0,9,166,121.0,8.6,1
1,212.0,43,608,285.0,8.2,1
2,2394.0,582,2071,3251.0,8.3,1
1,563.0,186,1070,812.0,7.9,1
1,557.0,144,766,757.0,8.2,1
1,345.0,119,789,454.0,8.7,1
2,627.0,256,467,922.0,7.9,1
1,42.0,13,185,58.0,7.4,1
1,146.0,22,470,189.0,8.2,1
2,1000.0,326,1384,1419.0,8.2,1
2,516.0,143,992,640.0,9.1,1
2,2315.0,627,2392,2940.0,8.6,1
1,24.0,7,60,30.0,8.6,1
3,625.0,222,1007,978.0,7.2,1
1,123.0,30,96,155.0,8.5,1
2,83.0,18,233,111.0,8.0,1
1,62.0,11,180,76.0,8.7,1
1,4.0,0,31,6.0,7.5,1
2,150.0,91,299,242.0,6.8,1
2,45.0,36,152,96.0,6.2,1
1,10.0,14,37,23.0,7.4,1
1,203.0,63,279,260.0,8.6,1
1,16.0,4,37,18.0,8.9,1
1,27.0,6,111,39.0,7.2,1
1,47.0,24,207,92.0,5.7,1
1,12.0,8,10,18.0,7.2,1
1,7.0,4,42,18.0,6.4,1
1,0.0,1,2,1.0,8.1,1
1,1620.0,392,808,2009.0,8.8,1
3,2375.0,988,2507,3322.0,8.4,1
1,155.0,59,590,227.0,7.5,1
1,6.0,3,18,8.0,7.2,1
1,144.0,29,1583,162.0,9.3,1
3,1925.0,369,9082,2457.0,8.8,1
2,330.0,104,2403,460.0,8.6,1
1,289.0,64,1745,347.0,8.8,1
1,21.0,1,81,19.0,8.7,1
2,107.0,45,458,140.0,8.4,1
1,72.0,5,102,85.0,8.7,1
4,485.0,202,1249,691.0,8.1,1
1,151.0,9,320,172.0,8.9,1
2,186.0,125,292,313.0,7.7,1
2,14.0,8,63,18.0,8.4,1
1,140.0,21,157,177.0,8.1,1
1,2.0,0,4,2.0,7.8,1
3,735.0,312,1688,1111.0,7.7,1
1,171.0,110,191,287.0,7.7,1
1,43.0,7,65,54.0,8.6,1
1,18.0,6,13,23.0,8.1,1
2,14.0,19,31,27.0,7.0,1
1,233.0,49,116,304.0,8.4,1
1,110.0,22,85,131.0,8.6,1
1,128.0,32,105,174.0,8.0,1
1,32.0,9,61,66.0,5.7,1
1,8.0,2,22,11.0,7.1,1
1,290.0,36,332,370.0,8.1,1
2,63.0,19,71,83.0,8.3,1
1,10.0,1,2,10.0,8.2,1
1,28.0,3,7,44.0,6.5,1
1,43.0,8,47,52.0,8.4,1
2,43.0,1,13,48.0,8.7,1
1,11.0,3,12,12.0,8.0,1
1,1958.0,378,1002,2428.0,8.9,1
1,22.0,8,194,28.0,7.8,1
3,129.0,22,245,176.0,8.0,1
1,14.0,3,80,18.0,8.0,1
1,100.0,14,74,128.0,8.4,1
2,124.0,23,55,198.0,6.7,1
1,15.0,5,15,20.0,7.6,1
1,47.0,16,56,73.0,6.8,1
1,72.0,16,124,102.0,7.5,1
1,61.0,11,234,85.0,7.2,1
1,98.0,22,91,141.0,7.3,1
1,17.0,7,34,34.0,5.6,1
1,16.0,8,15,20.0,8.5,1
1,9.0,0,1,13.0,6.8,1
2,70.0,21,58,97.0,7.6,1
2,137.0,23,264,198.0,7.9,1
2,50.0,20,34,75.0,7.6,1
1,3.0,0,5,3.0,7.6,1
2,20.0,20,60,44.0,7.1,1
1,7.0,3,20,11.0,7.0,1
2,26.0,10,26,40.0,6.9,1
2,11.0,3,20,15.0,7.2,1
1,203.0,16,273,253.0,8.3,1
1,414.0,82,727,523.0,8.6,1
1,31.0,4,32,36.0,8.8,1
1,3.0,0,25,8.0,7.1,1
1,13.0,2,31,16.0,8.3,1
1,124.0,22,68,157.0,8.6,1
2,22.0,10,59,41.0,6.5,1
1,1.0,1,31,4.0,7.2,1
1,15.0,9,39,26.0,6.2,1
1,5.0,1,9,11.0,5.6,1
1,3.0,1,9,10.0,7.3,1
1,12.0,1,28,15.0,7.7,1
1,27.0,8,54,47.0,6.3,1
2,24.0,21,58,47.0,6.1,1
1,68.0,10,106,78.0,8.8,1
1,54.0,10,45,90.0,6.4,1
1,10.0,2,15,16.0,6.9,1
1,25.0,9,38,36.0,7.2,1
2,4.0,3,3,8.0,5.8,1
1,7.0,5,8,10.0,6.4,1
2,1250.0,173,2894,1520.0,8.8,1
1,54.0,7,58,66.0,8.8,1
1,12.0,5,44,13.0,8.1,1
1,1.0,0,11,1.0,8.1,1
1,4.0,3,18,11.0,5.5,1
1,260.0,26,316,311.0,8.6,1
2,514.0,122,501,724.0,7.6,1
1,83.0,12,80,135.0,6.6,1
1,144.0,66,210,207.0,8.4,1
1,72.0,13,81,98.0,7.3,1
1,31.0,9,16,45.0,7.3,1
1,30.0,15,40,51.0,6.3,1
1,52.0,106,65,109.0,6.0,1
1,29.0,8,32,49.0,6.4,1
2,124.0,28,107,160.0,8.2,1
3,69.0,11,158,92.0,7.9,1
1,186.0,38,56,244.0,8.3,1
1,133.0,11,55,151.0,9.0,1
1,170.0,29,89,204.0,8.7,1
1,140.0,16,164,167.0,8.5,1
1,71.0,13,29,84.0,8.8,1
1,3.0,1,15,10.0,5.5,1
1,42.0,25,40,61.0,7.8,1
1,16.0,2,6,19.0,7.9,1
1,8.0,9,27,8.0,8.1,1
1,47.0,8,28,55.0,8.6,1
1,34.0,7,8,45.0,7.2,1
1,44.0,16,12,62.0,7.3,1
1,10.0,0,30,17.0,5.8,1
1,210.0,25,197,293.0,7.9,1
1,16.0,8,137,18.0,8.2,1
1,263.0,51,424,315.0,8.9,1
1,331.0,64,74,380.0,9.1,1
2,312.0,56,168,317.0,9.3,1
1,146.0,51,46,194.0,7.8,1
1,124.0,28,32,148.0,8.7,1
1,64.0,7,40,76.0,8.6,1
1,16.0,2,25,28.0,6.3,1
2,52.0,14,31,80.0,6.7,1
1,82.0,32,41,141.0,6.2,1
1,235.0,27,100,306.0,7.8,1
1,40.0,12,25,55.0,7.3,1
1,22.0,10,31,33.0,6.9,1
1,28.0,8,36,32.0,8.3,1
2,13.0,2,26,15.0,7.8,1
2,46.0,10,30,66.0,7.5,1
1,27.0,12,17,41.0,6.8,1
1,8.0,3,7,10.0,7.3,1
2,13.0,8,10,19.0,6.2,1
1,6.0,0,17,8.0,6.5,1
1,6.0,2,15,9.0,7.1,1
1,1039.0,108,3465,1208.0,9.0,1
1,201.0,28,88,245.0,8.5,1
2,204.0,43,79,251.0,8.6,1
1,62.0,22,159,109.0,6.0,1
1,3.0,2,7,9.0,5.4,1
1,17.0,5,8,19.0,7.7,1
1,19.0,5,28,29.0,7.2,1
1,33.0,3,19,52.0,6.3,1
1,0.0,0,2,0.0,7.8,1
1,152.0,62,46,211.0,7.2,1
1,229.0,65,2221,279.0,8.8,1
1,131.0,41,871,164.0,8.3,1
1,89.0,15,19,102.0,8.9,1
1,86.0,21,22,114.0,7.9,1
1,6.0,1,19,10.0,6.4,1
1,18.0,1,4,26.0,6.8,1
2,9.0,7,21,14.0,7.3,1
1,280.0,98,1480,342.0,9.0,1
2,348.0,52,144,337.0,9.0,1
1,54.0,4,44,62.0,8.7,1
3,59.0,19,31,69.0,8.7,1
1,13.0,6,43,14.0,8.7,1
1,8.0,2,10,9.0,7.9,1
1,42.0,10,45,51.0,8.6,1
1,14.0,0,7,15.0,8.1,1
1,354.0,60,71,449.0,8.1,1
1,110.0,27,21,121.0,9.2,1
1,25.0,6,16,36.0,6.9,1
1,17.0,1,6,24.0,7.4,1
1,200.0,35,72,264.0,8.0,1
1,166.0,32,43,206.0,8.3,1
1,25.0,1,21,33.0,7.5,1
1,6.0,1,2,10.0,6.6,1
1,33.0,7,26,44.0,7.3,1
1,12.0,2,4,14.0,8.0,1
2,11.0,12,28,20.0,6.0,1
2,24.0,4,9,29.0,8.4,1
1,11.0,1,0,14.0,7.2,1
1,4.0,1,1,8.0,5.9,1
1,150.0,29,236,179.0,8.8,1
1,13.0,3,3,17.0,7.3,1
1,36.0,9,28,50.0,7.6,1
1,5.0,3,40,7.0,7.1,1
1,7.0,2,9,8.0,8.0,1
1,51.0,3,17,79.0,6.8,1
1,38.0,1,27,44.0,8.7,1
1,0.0,0,3,2.0,6.4,1
1,47.0,2,25,77.0,6.8,1
1,9.0,0,8,10.0,8.2,1
1,37.0,2,23,52.0,7.2,1
2,9.0,0,3,11.0,7.3,1
3,844.0,93,1576,975.0,9.1,1
1,258.0,19,531,303.0,8.8,1
1,83.0,8,113,108.0,8.4,1
1,263.0,55,404,315.0,9.1,1
2,472.0,88,403,583.0,8.8,1
2,42.0,2,25,62.0,7.1,1
2,536.0,206,821,796.0,7.9,1
2,28.0,4,71,37.0,7.9,1
1,32.0,17,88,46.0,7.7,1
1,18.0,8,17,26.0,7.4,1
1,13.0,1,6,16.0,7.6,1
2,37.0,13,62,58.0,6.5,1
1,11.0,2,8,18.0,6.4,1
2,5.0,2,18,11.0,6.1,1
1,14.0,7,33,25.0,6.7,1
1,25.0,4,44,41.0,6.7,1
1,38.0,10,93,54.0,8.0,1
1,21.0,7,13,33.0,7.0,1
1,29.0,9,27,39.0,8.1,1
2,38.0,22,39,56.0,6.6,1
1,23.0,10,17,33.0,7.3,1
2,5.0,2,8,11.0,5.6,1
1,6.0,6,15,16.0,5.1,1
2,18.0,7,21,23.0,7.7,1
1,8.0,1,41,15.0,6.3,1
2,11.0,5,16,13.0,8.2,1
1,10.0,1,11,12.0,7.8,1
1,356.0,92,262,425.0,9.1,1
2,223.0,26,83,271.0,8.7,1
1,93.0,14,10,108.0,8.8,1
2,7.0,4,8,12.0,5.9,1
2,7.0,3,3,9.0,7.1,1
1,1992.0,357,14930,2357.0,9.2,1
1,265.0,46,639,310.0,9.2,1
1,254.0,26,232,260.0,9.0,1
1,239.0,75,332,332.0,7.8,1
1,281.0,47,328,349.0,8.3,1
1,1.0,2,3,3.0,7.7,1
1,7.0,0,12,9.0,7.2,1
2,8.0,2,30,10.0,8.2,1
1,8.0,6,37,20.0,5.4,1
1,14.0,10,24,27.0,6.0,1
1,12.0,4,18,15.0,7.6,1
2,9.0,4,10,15.0,6.2,1
1,21.0,16,23,32.0,6.5,1
2,7.0,3,9,13.0,5.7,1
3,726.0,176,1265,959.0,8.3,1
2,689.0,317,2079,1147.0,6.9,1
1,1251.0,315,13304,1509.0,9.2,1
2,2626.0,748,4941,3296.0,9.0,1
4,2750.0,640,3235,2935.0,9.0,1
1,29.0,12,283,51.0,6.4,1
3,1850.0,838,2901,2802.0,8.1,1
2,433.0,136,376,603.0,8.1,1
2,1079.0,447,1112,1558.0,7.8,1
2,981.0,449,1114,1465.0,7.6,1
2,837.0,348,3066,1336.0,7.7,1
3,5401.0,1467,6054,6407.0,9.2,1
2,2673.0,1023,2460,3520.0,9.2,1
1,1717.0,543,3606,2357.0,8.3,1
4,1400.0,636,2278,1956.0,8.8,1
2,2556.0,892,4256,3452.0,8.3,1
1,734.0,330,2990,1184.0,7.1,1
3,2149.0,726,2700,2845.0,8.6,1
4,908.0,447,1401,1319.0,8.6,1
3,2924.0,675,3884,3673.0,8.8,1
2,486.0,173,761,739.0,7.6,1
1,1358.0,69,2345,854.0,8.7,1
2,466.0,270,931,821.0,7.0,1
1,37.0,4,70,46.0,7.9,1
1,41.0,25,396,66.0,6.8,1
3,775.0,366,3923,1417.0,6.7,1
1,121.0,58,841,216.0,6.4,1
3,2759.0,897,4029,3744.0,8.3,1
3,2931.0,861,2952,3893.0,8.4,1
2,515.0,154,615,712.0,8.6,1
1,271.0,26,477,325.0,8.6,1
2,1277.0,408,1704,1811.0,8.0,1
1,20.0,2,243,32.0,6.6,1
1,31.0,12,87,53.0,6.7,1
1,124.0,61,347,179.0,8.0,1
2,65.0,31,331,116.0,6.4,1
2,103.0,42,360,130.0,8.5,1
2,713.0,95,1078,889.0,8.5,1
2,820.0,362,913,1310.0,7.2,1
4,952.0,233,856,1322.0,8.0,1
1,45.0,6,27,58.0,8.2,1
3,163.0,53,163,218.0,8.4,1
1,3.0,10,9,17.0,4.8,1
1,14.0,13,67,22.0,6.7,1
1,25.0,6,20,32.0,7.6,1
1,32.0,11,17,42.0,7.6,1
1,29.0,19,57,43.0,7.0,1
2,976.0,99,1712,1135.0,9.1,1
3,2683.0,562,1333,3243.0,9.1,1
1,568.0,254,1839,855.0,7.4,1
2,499.0,199,366,670.0,8.7,1
1,180.0,29,142,242.0,7.9,1
2,507.0,260,411,924.0,6.5,1
1,210.0,84,225,291.0,8.1,1
1,37.0,12,123,44.0,8.3,1
2,118.0,55,301,168.0,7.3,1
1,74.0,8,40,91.0,8.4,1
1,17.0,3,67,19.0,8.3,1
2,217.0,61,191,284.0,8.4,1
1,25.0,10,26,34.0,7.5,1
1,39.0,4,20,50.0,7.7,1
1,20.0,4,33,27.0,8.0,1
2,101.0,22,69,139.0,7.5,1
1,21.0,12,48,39.0,6.2,1
3,107.0,33,80,166.0,7.0,1
1,375.0,50,337,510.0,8.1,1
3,1384.0,509,1258,2026.0,7.7,1
1,138.0,40,61,195.0,7.9,1
2,1150.0,341,559,1762.0,6.9,1
1,118.0,28,957,147.0,8.4,1
1,21.0,0,13,30.0,7.2,1
1,3.0,0,1,3.0,7.8,1
2,56.0,26,82,113.0,6.0,1
2,5.0,1,3,11.0,5.8,1
2,5.0,1,5,8.0,6.4,1
2,3.0,1,6,8.0,5.9,1
2,51.0,24,29,78.0,7.6,1
2,3.0,9,49,14.0,5.0,1
1,6.0,1,13,11.0,5.9,1
2,1015.0,231,595,1297.0,8.8,1
1,18.0,6,58,26.0,7.4,1
1,18.0,11,30,25.0,7.8,1
1,99.0,13,102,116.0,8.7,1
1,331.0,36,120,434.0,8.1,1
1,43.0,5,22,68.0,6.6,1
2,8.0,1,12,9.0,7.6,1
1,8.0,5,14,8.0,7.6,1
1,8.0,4,22,10.0,7.7,1
1,8.0,1,60,8.0,7.9,1
1,30.0,8,33,40.0,7.4,1
2,24.0,2,13,34.0,7.0,1
1,15.0,1,10,19.0,7.4,1
1,77.0,14,39,113.0,6.9,1
1,20.0,0,40,20.0,8.8,1
1,77.0,13,36,105.0,7.9,1
1,58.0,12,104,93.0,6.5,1
1,162.0,33,1067,180.0,9.3,1
1,19.0,8,21,33.0,6.7,1
2,38.0,3,26,57.0,6.7,1
1,268.0,28,577,318.0,8.8,1
1,6.0,2,14,6.0,8.0,1
1,4.0,1,42,5.0,7.8,1
1,158.0,67,106,207.0,8.4,1
1,55.0,7,12,77.0,7.7,1
1,281.0,56,138,323.0,9.0,1
1,1.0,0,26,1.0,8.1,1
1,8.0,1,11,9.0,7.6,1
1,12.0,4,6,16.0,7.6,1
1,17.0,1,10,23.0,7.2,1
1,9.0,0,4,14.0,6.2,1
1,78.0,23,208,93.0,9.2,1
1,8.0,3,32,11.0,7.4,1
1,374.0,74,329,503.0,7.8,1
1,37.0,6,45,51.0,7.7,1
2,106.0,35,64,150.0,7.5,1
1,94.0,5,71,108.0,8.8,1
1,75.0,11,35,111.0,7.0,1
2,149.0,37,29,195.0,8.0,1
1,10.0,4,7,11.0,8.0,1
1,5.0,0,1,10.0,5.9,1
2,44.0,14,8,47.0,8.7,1
1,72.0,15,47,82.0,9.0,1
2,160.0,31,64,219.0,7.8,1
1,13.0,4,10,15.0,8.5,1
1,2.0,0,0,2.0,7.3,1
1,4.0,6,3,8.0,6.0,1
1,408.0,34,677,493.0,8.7,1
1,100.0,22,76,124.0,8.5,1
1,9.0,0,5,10.0,7.4,1
1,149.0,35,105,176.0,8.8,1
1,244.0,12,216,303.0,8.3,1
1,13.0,3,6,19.0,6.9,1
2,12.0,6,14,19.0,6.4,1
1,21.0,17,73,44.0,5.4,1
1,22.0,4,3,26.0,7.8,1
1,3.0,3,10,6.0,6.6,1
1,5.0,1,2,8.0,6.2,1
2,3.0,4,5,11.0,5.3,1
2,285.0,64,178,382.0,7.8,1
2,63.0,14,58,75.0,8.4,1
2,35.0,25,61,68.0,6.4,1
1,21.0,7,8,27.0,7.5,1
1,685.0,93,3778,771.0,9.4,1
2,809.0,254,1518,1080.0,8.8,1
1,35.0,7,152,39.0,8.7,1
2,235.0,112,190,356.0,8.5,1
1,147.0,122,196,261.0,7.7,1
1,52.0,14,179,80.0,7.2,1
1,1.0,0,6,1.0,7.3,1
2,12.0,0,18,18.0,7.1,1
2,20.0,5,72,26.0,7.9,1
2,71.0,46,97,125.0,6.4,1
2,6.0,5,21,12.0,6.7,1
1,3.0,0,3,5.0,7.1,1
1,1.0,0,2,1.0,7.1,1
1,155.0,48,555,184.0,9.2,1
1,461.0,50,370,563.0,8.7,1
2,300.0,62,121,403.0,8.1,1
1,428.0,63,414,556.0,8.0,1
2,35.0,11,41,43.0,7.8,1
1,23.0,9,22,37.0,6.8,1
1,8.0,2,4,10.0,7.5,1
1,8.0,2,12,11.0,6.9,1
1,23.0,7,50,33.0,6.9,1
2,5.0,3,7,8.0,6.1,1
1,1247.0,284,884,1655.0,8.3,1
1,620.0,58,1024,722.0,8.9,1
1,88.0,36,497,123.0,7.9,1
2,35.0,8,15,51.0,7.1,1
1,12.0,1,11,16.0,7.1,1
1,2.0,5,28,8.0,5.4,1
3,9984.0,2301,20750,12376.0,9.1,1
1,1167.0,370,5043,1552.0,8.6,1
2,120.0,27,526,170.0,7.8,1
4,175.0,45,981,257.0,7.7,1
2,1164.0,462,888,1748.0,7.3,1
1,115.0,73,120,185.0,6.8,1
2,130.0,43,81,228.0,6.1,1
1,7.0,0,22,9.0,7.2,1
1,86.0,48,584,157.0,6.5,1
1,9.0,8,38,15.0,6.3,1
2,13.0,5,10,19.0,6.8,1
3,2153.0,642,4794,2784.0,8.9,1
1,382.0,140,2291,568.0,7.5,1
3,1744.0,559,1249,2265.0,8.9,1
3,531.0,206,1507,727.0,8.4,1
4,465.0,224,734,717.0,7.4,1
1,13.0,9,91,22.0,6.5,1
1,457.0,56,1732,526.0,9.1,1
2,601.0,247,3352,868.0,8.0,1
2,1548.0,448,2592,2178.0,7.3,1
2,1235.0,438,3491,1828.0,7.5,1
3,3313.0,1079,3678,4297.0,8.7,1
3,2134.0,593,1088,2721.0,9.1,1
1,48.0,15,256,67.0,7.2,1
3,1179.0,522,2050,1765.0,7.9,1
3,1203.0,374,1291,1665.0,7.7,1
2,1158.0,257,857,1508.0,8.8,1
1,58.0,25,339,83.0,7.9,1
3,1557.0,598,1626,2214.0,8.1,1
3,1441.0,428,1464,1937.0,8.6,1
2,889.0,255,1341,1151.0,8.5,1
2,574.0,135,852,755.0,8.2,1
1,230.0,32,565,293.0,8.3,1
1,283.0,60,482,362.0,8.5,1
2,304.0,90,612,416.0,7.7,1
3,1928.0,169,2541,2281.0,8.9,1
1,247.0,72,922,342.0,7.9,1
1,737.0,186,1072,1023.0,8.0,1
4,291.0,127,1335,483.0,6.8,1
1,412.0,218,1256,592.0,8.5,1
2,2615.0,924,2165,3557.0,8.3,1
1,52.0,21,397,79.0,7.2,1
1,243.0,93,254,403.0,6.6,1
3,391.0,164,669,609.0,6.9,1
4,6526.0,1701,13256,8019.0,9.3,1
1,2568.0,753,8048,3534.0,8.4,1
1,563.0,128,2915,755.0,8.1,1
1,161.0,59,736,208.0,8.8,1
1,331.0,107,2455,509.0,7.2,1
1,684.0,184,4818,1029.0,7.4,1
2,1129.0,473,1970,1605.0,8.2,1
3,1444.0,602,881,2006.0,8.5,1
3,3073.0,797,1968,3844.0,8.8,1
1,273.0,30,299,331.0,8.6,1
1,71.0,15,221,83.0,8.7,1
1,99.0,32,536,138.0,7.8,1
2,72.0,40,163,108.0,8.9,1
2,339.0,201,682,593.0,7.3,1
2,299.0,77,415,394.0,8.0,1
4,171.0,89,752,303.0,6.6,1
2,118.0,41,260,159.0,8.8,1
2,2614.0,648,11207,3434.0,8.8,1
1,523.0,205,1714,667.0,8.9,1
1,321.0,122,1001,419.0,9.0,1
2,48.0,5,94,53.0,9.0,1
1,222.0,64,119,265.0,9.2,1
1,232.0,49,197,310.0,8.0,1
1,1.0,2,15,3.0,7.4,1
1,42.0,14,43,51.0,8.8,1
1,10.0,2,9,13.0,7.7,1
1,34.0,2,9,38.0,8.5,1
1,68.0,9,110,81.0,8.5,1
2,205.0,90,648,259.0,8.3,1
1,13.0,2,59,15.0,8.3,1
1,44.0,19,8,54.0,8.5,1
1,74.0,36,26,111.0,7.5,1
2,9.0,1,22,13.0,7.2,1
1,8.0,5,22,12.0,7.2,1
1,33.0,1,50,39.0,8.1,1
1,22.0,4,23,30.0,7.3,1
1,117.0,19,187,153.0,8.3,1
1,12.0,0,19,14.0,8.1,1
1,12.0,0,18,18.0,6.5,1
1,9.0,3,11,11.0,7.0,1
1,6.0,1,2,8.0,6.5,1
1,7.0,0,2,8.0,8.1,1
1,36.0,19,17,47.0,8.4,1
1,10.0,14,4,17.0,5.9,1
1,89.0,20,489,102.0,9.2,1
1,228.0,80,1895,273.0,9.0,1
1,6.0,2,32,6.0,8.2,1
1,18.0,3,47,22.0,8.2,1
1,530.0,110,353,677.0,8.6,1
1,127.0,27,25,158.0,8.4,1
1,15.0,12,16,33.0,5.9,1
1,0.0,0,0,2.0,6.4,1
1,17.0,1,18,22.0,6.9,1
1,496.0,36,399,584.0,8.9,1
1,5.0,6,7,14.0,6.0,1
1,42.0,17,42,64.0,7.2,1
2,58.0,51,32,111.0,5.3,1
1,9.0,2,7,12.0,6.8,1
1,1374.0,406,12714,1692.0,9.1,1
1,855.0,224,6483,1047.0,9.0,1
2,104.0,32,49,138.0,8.0,1
2,170.0,35,76,255.0,7.1,1
1,330.0,90,106,377.0,9.2,1
1,86.0,7,62,98.0,8.8,1
1,44.0,12,37,58.0,8.0,1
1,35.0,12,23,44.0,7.9,1
2,6.0,1,5,9.0,6.7,1
1,70.0,16,38,103.0,7.3,1
1,5.0,1,27,9.0,5.8,1
1,4.0,2,3,8.0,5.9,1
1,34.0,2,10,36.0,9.0,1
1,13.0,3,4,15.0,8.0,1
1,10.0,0,10,10.0,7.9,1
1,48.0,8,30,57.0,8.2,1
1,19.0,6,16,35.0,5.9,1
1,9.0,2,5,9.0,8.0,1
1,9.0,3,9,11.0,7.3,1
1,22.0,4,3,27.0,7.3,1
1,147.0,31,32,175.0,8.7,1
2,156.0,21,32,186.0,8.6,1
1,42.0,3,61,47.0,8.9,1
2,48.0,9,42,59.0,8.2,1
1,10.0,0,11,14.0,6.9,1
1,9.0,0,7,9.0,8.1,1
2,21.0,8,14,37.0,6.0,1
2,6.0,0,5,11.0,5.7,1
1,43.0,7,13,52.0,8.5,1
1,32.0,2,7,39.0,8.4,1
1,6.0,1,4,8.0,6.6,1
1,9.0,3,6,10.0,8.0,1
1,3.0,0,3,4.0,7.6,1
1,54.0,2,23,63.0,8.1,1
1,230.0,49,733,265.0,9.3,1
2,31.0,2,115,35.0,8.8,1
2,23.0,5,63,29.0,8.0,1
2,671.0,217,749,923.0,7.8,1
2,21.0,11,55,30.0,7.6,1
2,17.0,6,6,23.0,6.8,1
1,611.0,60,764,726.0,9.0,1
2,940.0,251,1568,1401.0,7.7,1
1,710.0,151,696,822.0,9.0,1
1,137.0,21,93,205.0,7.4,1
1,47.0,12,70,77.0,6.8,1
1,129.0,15,106,159.0,8.5,1
1,243.0,77,104,358.0,7.4,1
1,35.0,2,41,37.0,8.9,1
1,7.0,0,8,10.0,6.9,1
1,11.0,2,5,14.0,7.3,1
2,8.0,5,4,13.0,6.8,1
1,28.0,5,20,41.0,6.7,1
2,20.0,6,13,24.0,7.4,1
1,37.0,4,49,46.0,7.4,1
1,39.0,7,16,50.0,7.4,1
3,202.0,135,368,357.0,6.4,1
1,11.0,3,9,12.0,8.1,1
4,78.0,45,182,131.0,6.5,1
1,10.0,2,72,18.0,5.9,1
2,133.0,30,941,186.0,8.2,1
1,12.0,4,30,14.0,8.6,1
1,11.0,5,44,18.0,6.7,1
1,5.0,0,34,6.0,7.8,1
1,12.0,4,12,17.0,7.5,1
1,10.0,3,9,13.0,6.9,1
3,2477.0,261,4548,2936.0,8.9,1
1,428.0,70,882,578.0,8.0,1
1,157.0,74,816,227.0,7.8,1
2,364.0,119,874,529.0,7.6,1
1,7.0,2,144,8.0,8.0,1
1,534.0,126,495,731.0,7.8,1
3,1242.0,417,2202,1873.0,6.9,1
1,222.0,91,509,322.0,7.9,1
1,126.0,36,121,180.0,7.9,1
3,242.0,161,369,354.0,7.8,1
1,27.0,13,116,57.0,5.7,1
1,47.0,4,123,51.0,9.0,1
1,47.0,8,35,64.0,7.6,1
1,4.0,0,9,6.0,8.0,1
1,99.0,60,124,168.0,6.7,1
1,59.0,15,328,83.0,7.4,1
1,46.0,7,32,60.0,7.4,1
1,202.0,90,500,308.0,6.9,1
1,32.0,15,38,40.0,8.6,1
1,27.0,8,58,32.0,8.4,1
1,16.0,3,61,22.0,7.4,1
1,159.0,72,408,276.0,5.9,1
4,137.0,71,183,227.0,7.0,1
1,84.0,26,35,126.0,7.2,1
2,97.0,35,209,147.0,7.5,1
4,292.0,137,502,434.0,7.7,1
1,181.0,67,214,220.0,8.9,1
2,17.0,9,20,26.0,7.2,1
2,31.0,15,89,55.0,6.4,1
1,2011.0,463,1022,2585.0,8.5,1
1,14.0,5,199,20.0,8.2,1
2,87.0,11,127,111.0,8.6,1
1,29.0,3,13,42.0,7.0,1
1,41.0,29,62,65.0,7.9,1
1,135.0,26,152,170.0,8.5,1
3,3337.0,760,5900,4352.0,8.7,1
1,566.0,151,2143,730.0,8.6,1
2,2462.0,822,3461,3297.0,8.7,1
1,147.0,41,356,170.0,9.3,1
3,3177.0,1029,3653,4280.0,8.5,1
3,1569.0,567,1882,2340.0,7.3,1
2,943.0,453,1579,1353.0,8.4,1
1,595.0,77,684,696.0,9.1,1
1,13.0,74,634,109.0,4.9,1
2,539.0,99,305,640.0,9.0,1
1,1017.0,260,295,1294.0,8.7,1
3,1412.0,364,1601,2045.0,7.6,1
2,179.0,44,119,227.0,8.2,1
2,1052.0,324,819,1638.0,6.7,1
1,8975.0,2240,24887,11403.0,9.1,1
1,2425.0,780,9550,3012.0,9.1,1
1,1456.0,544,3251,1790.0,8.4,1
2,317.0,119,1246,435.0,8.3,1
1,193.0,35,717,238.0,8.5,1
1,65.0,15,397,105.0,7.1,1
2,108.0,51,539,146.0,8.3,1
3,1240.0,438,1229,1783.0,8.0,1
1,16.0,2,132,24.0,6.8,1
1,43.0,17,237,63.0,7.4,1
1,313.0,71,156,383.0,8.9,1
1,14.0,3,50,16.0,8.4,1
3,12.0,5,31,14.0,7.6,1
1,9.0,5,36,15.0,6.7,1
1,11.0,9,63,23.0,6.1,1
1,31.0,25,74,49.0,6.4,1
2,17.0,3,27,25.0,7.1,1
1,1.0,3,5,3.0,7.7,1
2,259.0,98,430,423.0,6.7,1
2,7.0,6,4,8.0,7.0,1
1,139.0,32,224,221.0,6.6,1
1,20.0,17,15,35.0,6.5,1
2,58.0,29,99,103.0,6.8,1
1,17.0,8,137,18.0,8.2,1
1,17.0,9,66,21.0,8.0,1
1,14.0,1,3,17.0,7.7,1
1,7.0,2,8,10.0,6.7,1
1,21.0,6,102,44.0,6.0,1
1,133.0,40,44,168.0,8.5,1
1,270.0,46,87,392.0,7.4,1
1,76.0,10,34,116.0,6.7,1
1,21.0,4,13,24.0,8.8,1
2,116.0,27,23,162.0,7.6,1
1,36.0,56,62,54.0,7.0,1
1,7.0,2,24,9.0,7.2,1
1,12.0,3,16,18.0,6.5,1
1,367.0,95,1673,441.0,8.9,1
1,467.0,188,1721,670.0,7.6,1
1,87.0,25,250,107.0,8.6,1
1,36.0,9,99,50.0,7.4,1
1,70.0,27,94,94.0,8.0,1
3,9.0,3,35,14.0,6.6,1
1,42.0,18,36,62.0,7.3,1
1,38.0,9,30,45.0,8.5,1
1,419.0,63,742,488.0,9.1,1
1,269.0,21,215,329.0,8.8,1
1,71.0,39,49,91.0,8.6,1
1,4.0,5,3,10.0,6.0,1
1,27.0,13,78,41.0,6.1,1
2,25.0,5,31,34.0,7.6,1
2,382.0,100,249,512.0,8.1,1
1,344.0,149,93,431.0,9.0,1
1,75.0,17,23,96.0,8.4,1
2,33.0,14,22,45.0,7.3,1
2,15.0,4,10,29.0,5.8,1
1,19.0,2,15,23.0,7.9,1
1,15.0,9,16,19.0,7.8,1
2,114.0,39,46,149.0,7.6,1
1,0.0,0,0,1.0,7.6,1
1,6.0,1,2,6.0,7.1,1
1,64.0,6,15,116.0,6.3,1
1,89.0,37,553,115.0,8.4,1
2,60.0,17,43,81.0,7.5,1
1,5.0,1,4,7.0,7.2,1
2,21.0,7,18,26.0,7.6,1
1,3.0,1,1,8.0,5.4,1
1,10.0,2,10,10.0,7.9,1
1,140.0,18,21,170.0,8.4,1
1,37.0,21,12,44.0,8.4,1
1,10.0,3,5,15.0,7.1,1
1,15.0,11,17,18.0,8.2,1
1,37.0,4,6,45.0,8.1,1
2,5.0,1,6,9.0,7.4,1
1,13.0,0,1,16.0,7.1,1
1,1.0,1,1,1.0,7.2,1
1,8.0,1,1,17.0,5.8,1
1,27.0,0,8,44.0,6.1,1
1,141.0,11,459,175.0,8.5,1
1,9.0,1,16,9.0,7.8,1
1,280.0,32,904,333.0,8.9,1
1,14.0,2,10,18.0,7.7,1
1,355.0,40,623,409.0,9.1,1
1,149.0,257,228,261.0,7.4,1
1,47.0,5,87,59.0,8.0,1
1,3.0,1,9,3.0,6.8,1
1,7.0,0,2,10.0,6.8,1
1,1.0,0,4,1.0,8.0,1
1,18.0,5,16,24.0,6.8,1
1,8.0,0,15,12.0,6.5,1
1,81.0,7,467,95.0,8.9,1
1,26.0,3,33,39.0,7.0,1
1,69.0,24,44,111.0,6.4,1
1,21.0,2,13,29.0,7.2,1
2,30.0,7,25,36.0,7.8,1
1,11.0,5,5,12.0,7.9,1
3,7.0,3,23,15.0,5.4,1
2,20.0,4,1,26.0,7.2,1
1,312.0,106,1660,334.0,9.4,1
1,41.0,22,350,40.0,8.1,1
1,22.0,10,126,22.0,8.3,1
1,17.0,11,152,30.0,6.0,1
1,8.0,15,40,11.0,7.6,1
1,8.0,2,21,9.0,8.2,1
2,16.0,14,46,33.0,5.5,1
1,329.0,39,293,395.0,8.8,1
1,480.0,84,424,613.0,8.4,1
1,36.0,5,52,60.0,7.2,1
1,34.0,9,61,49.0,7.5,1
1,28.0,12,77,57.0,5.2,1
2,39.0,34,54,86.0,5.7,1
1,68.0,8,275,80.0,8.8,1
1,103.0,31,425,133.0,8.1,1
1,56.0,6,243,69.0,8.4,1
1,12.0,4,41,15.0,7.8,1
3,1063.0,437,3366,1505.0,8.3,1
2,1442.0,379,1041,1970.0,8.3,1
2,234.0,135,230,398.0,7.2,1
1,18.0,0,14,21.0,8.0,1
1,9.0,2,34,13.0,6.9,1
1,19.0,4,23,26.0,7.1,1
1,7.0,0,32,11.0,6.8,1
2,867.0,303,906,1227.0,7.7,1
2,596.0,352,831,934.0,6.9,1
2,9.0,6,7,15.0,6.6,1
1,30.0,6,22,36.0,7.8,1
1,50.0,19,344,71.0,7.6,1
1,287.0,31,1799,260.0,9.5,1
1,129.0,55,500,180.0,8.0,1
1,95.0,35,53,123.0,8.7,1
1,97.0,14,71,114.0,9.1,1
1,143.0,44,86,182.0,8.7,1
1,28.0,8,20,47.0,6.7,1
2,10.0,1,8,14.0,7.1,1
1,180.0,23,1370,210.0,8.7,1
2,745.0,296,2403,1087.0,8.4,1
1,262.0,21,723,296.0,9.1,1
3,710.0,245,2454,1060.0,7.8,1
1,135.0,92,456,182.0,8.7,1
1,20.0,5,107,31.0,7.4,1
1,18.0,8,101,26.0,8.1,1
3,2687.0,836,4769,4035.0,7.2,1
2,77.0,25,177,132.0,6.4,1
1,18.0,5,57,33.0,6.2,1
1,32.0,7,17,41.0,8.4,1
4,831.0,263,831,1090.0,8.7,1
1,21.0,2,9,26.0,8.0,1
1,12.0,3,52,17.0,7.5,1
1,101.0,37,406,158.0,7.2,1
1,78.0,19,486,91.0,9.1,1
1,139.0,39,228,162.0,9.0,1
1,84.0,39,163,138.0,6.8,1
1,76.0,45,243,140.0,6.6,1
1,21.0,7,54,26.0,7.8,1
1,85.0,3,32,99.0,8.1,1
1,9.0,4,37,12.0,7.2,1
1,29.0,13,89,56.0,5.7,1
1,155.0,43,453,197.0,8.9,1
2,274.0,69,138,412.0,7.3,1
1,231.0,109,288,379.0,6.9,1
1,50.0,24,33,75.0,7.7,1
1,45.0,3,13,51.0,8.6,1
2,78.0,35,95,126.0,6.5,1
2,18.0,3,11,24.0,7.8,1
1,12.0,1,4,17.0,7.5,1
2,36.0,6,23,43.0,8.0,1
1,70.0,20,37,103.0,7.6,1
1,24.0,5,173,36.0,7.4,1
1,34.0,12,168,47.0,7.5,1
1,20.0,7,14,27.0,7.8,1
1,132.0,47,83,172.0,8.2,1
2,177.0,59,138,296.0,6.4,1
2,830.0,352,946,1166.0,8.0,1
2,53.0,20,42,103.0,5.7,1
1,9.0,3,16,11.0,7.5,1
1,8.0,1,4,8.0,8.0,1
1,66.0,25,84,78.0,8.4,1
2,64.0,20,64,73.0,8.9,1
2,22.0,9,25,33.0,7.7,1
2,176.0,55,84,258.0,7.6,1
1,130.0,53,61,161.0,8.6,1
2,309.0,80,157,408.0,8.1,1
1,119.0,18,27,140.0,8.7,1
2,21.0,9,57,32.0,7.2,1
1,129.0,6,28,158.0,8.3,1
1,117.0,49,86,190.0,6.8,1
3,1025.0,451,1211,1549.0,7.3,1
1,123.0,8,68,184.0,7.2,1
2,37.0,15,22,50.0,7.6,1
2,34.0,12,14,45.0,7.7,1
1,152.0,69,146,247.0,7.7,1
2,223.0,56,156,300.0,7.7,1
2,70.0,23,36,92.0,8.2,1
1,11.0,4,11,14.0,7.5,1
2,642.0,106,397,794.0,8.6,1
1,365.0,126,67,446.0,9.1,1
1,5.0,1,42,7.0,7.9,1
2,6.0,2,14,10.0,6.2,1
1,256.0,81,1876,361.0,8.0,1
1,256.0,74,134,327.0,8.2,1
1,9.0,3,2,12.0,8.4,1
1,5.0,3,37,11.0,5.4,1
2,552.0,207,426,867.0,6.2,1
1,374.0,15,491,451.0,8.5,1
1,32.0,8,15,37.0,8.5,1
1,3.0,0,1,4.0,7.6,1
1,1071.0,381,508,1404.0,8.6,1
1,8.0,2,38,8.0,8.3,1
1,50.0,2,50,63.0,8.1,1
1,23.0,11,50,29.0,7.8,1
1,59.0,13,16,79.0,7.6,1
2,50.0,16,90,63.0,8.1,1
1,33.0,22,45,52.0,6.6,1
2,14.0,10,13,21.0,6.3,1
1,17.0,0,54,19.0,8.9,1
1,10.0,1,5,10.0,8.4,1
1,121.0,31,1020,151.0,8.4,1
1,103.0,18,79,142.0,7.5,1
1,8.0,0,93,9.0,7.5,1
1,7.0,2,11,10.0,7.0,1
1,26.0,8,10,35.0,7.5,1
1,10.0,1,4,17.0,5.9,1
1,105.0,14,67,153.0,7.1,1
1,1.0,0,14,1.0,7.8,1
1,35.0,23,28,64.0,6.7,1
1,22.0,3,25,33.0,7.0,1
1,28.0,14,69,41.0,6.7,1
1,8.0,1,24,10.0,7.6,1
2,17.0,6,24,30.0,6.0,1
1,8.0,3,7,11.0,7.5,1
1,289.0,28,210,403.0,7.9,1
1,380.0,40,369,498.0,8.1,1
1,8.0,0,6,8.0,8.0,1
1,11.0,5,16,14.0,7.8,1
2,10.0,7,4,21.0,5.7,1
1,103.0,8,19,128.0,8.5,1
1,56.0,3,14,67.0,8.7,1
1,14.0,3,12,24.0,6.3,1
1,12.0,1,1,13.0,8.0,1
1,142.0,10,150,163.0,8.7,1
1,16.0,0,23,18.0,7.8,1
1,21.0,3,21,25.0,8.6,1
1,134.0,61,324,201.0,7.9,1
1,8.0,9,7,10.0,7.8,1
1,33.0,30,30,47.0,7.7,1
1,35.0,59,19,58.0,8.2,1
1,10.0,8,4,16.0,7.2,1
1,56.0,19,104,73.0,7.5,1
2,2.0,1,4,5.0,6.2,1
1,34.0,42,34,52.0,7.4,1
1,19.0,5,38,25.0,7.3,1
1,246.0,27,222,326.0,8.2,1
2,242.0,100,232,336.0,8.1,1
1,14.0,1,7,20.0,7.4,1
1,4.0,2,42,5.0,7.3,1
1,46.0,5,122,59.0,7.8,1
1,212.0,27,103,257.0,8.8,1
1,6.0,1,2,9.0,6.8,1
1,23.0,7,13,33.0,7.1,1
1,17.0,7,12,27.0,6.6,1
1,18.0,10,37,29.0,6.4,1
1,194.0,0,1,194.0,9.5,1
1,7.0,1,3,8.0,7.9,1
1,212.0,28,956,238.0,9.1,1
2,1376.0,275,1602,1794.0,8.3,1
2,2020.0,617,2786,2726.0,8.3,1
2,570.0,119,395,674.0,9.3,1
2,71.0,22,34,86.0,8.6,1
1,91.0,15,52,109.0,8.8,1
1,17.0,1,26,27.0,6.5,1
3,6.0,9,105,19.0,5.4,1
1,145.0,60,132,191.0,8.2,1
1,14.0,20,30,34.0,5.4,1
1,4.0,1,3,6.0,6.7,1
2,663.0,168,855,892.0,8.4,1
2,1338.0,580,1214,2047.0,7.1,1
2,393.0,138,314,491.0,8.3,1
1,7.0,4,15,9.0,7.2,1
3,545.0,248,567,755.0,8.2,1
1,8.0,2,14,15.0,6.2,1
3,948.0,286,1396,1307.0,8.0,1
1,1.0,1,12,8.0,7.0,1
2,1514.0,235,4078,1974.0,8.3,1
1,105.0,52,161,138.0,8.9,1
1,80.0,10,37,91.0,8.9,1
1,30.0,24,73,44.0,8.1,1
2,652.0,108,496,794.0,8.8,1
3,769.0,276,430,1067.0,7.6,1
2,56.0,37,37,78.0,8.1,1
2,125.0,31,26,149.0,8.7,1
1,511.0,127,293,625.0,8.5,1
2,23.0,3,27,30.0,7.6,1
2,75.0,45,97,126.0,7.0,1
1,63.0,10,25,75.0,8.9,1
2,53.0,36,82,82.0,6.8,1
1,1.0,5,2,9.0,5.1,1
1,15.0,2,10,24.0,6.5,1
3,4819.0,1335,6976,6245.0,8.9,1
2,1073.0,276,525,1380.0,8.3,1
1,30.0,10,62,46.0,7.7,1
1,313.0,115,171,359.0,8.9,1
1,3.0,0,0,4.0,7.7,1
1,67.0,10,42,91.0,7.9,1
1,33.0,6,34,40.0,8.0,1
1,53.0,11,44,88.0,6.1,1
1,130.0,14,994,139.0,9.2,1
1,1507.0,423,8865,1901.0,9.1,1
1,231.0,31,263,284.0,8.5,1
2,467.0,175,366,754.0,7.0,1
1,86.0,36,348,161.0,6.3,1
1,128.0,39,87,180.0,7.7,1
2,88.0,52,100,123.0,8.5,1
2,127.0,27,45,157.0,8.2,1
2,58.0,20,42,72.0,8.3,1
1,71.0,20,23,82.0,8.4,1
1,6.0,3,8,11.0,6.3,1
1,19.0,8,16,25.0,7.4,1
1,37.0,27,56,50.0,7.7,1
1,52.0,11,55,70.0,7.7,1
2,28.0,16,43,42.0,7.4,1
1,6.0,2,2,8.0,6.9,1
2,6.0,4,7,8.0,6.6,1
2,10.0,21,47,24.0,5.2,1
2,12.0,4,59,22.0,7.1,1
2,104.0,87,169,220.0,5.3,1
1,15.0,9,26,24.0,6.5,1
2,9.0,2,15,14.0,8.3,1
1,9.0,1,1,13.0,6.8,1
1,13.0,4,11,19.0,6.2,1
1,19.0,6,136,13.0,8.7,1
1,14.0,3,10,18.0,7.4,1
1,3.0,0,2,4.0,7.0,1
1,30.0,9,84,36.0,8.4,1
2,52.0,17,35,81.0,7.1,1
1,125.0,15,38,173.0,7.8,1
1,5.0,5,11,8.0,7.2,1
1,10.0,5,22,12.0,8.1,1
2,8.0,2,5,11.0,6.7,1
2,5.0,1,2,13.0,5.3,1
1,8.0,2,9,10.0,7.3,1
1,22.0,13,18,36.0,6.1,1
1,46.0,19,12,56.0,8.7,1
1,15.0,6,6,21.0,7.5,1
1,45.0,0,6,57.0,8.3,1
1,571.0,65,550,749.0,8.5,1
1,11.0,1,33,11.0,8.4,1
1,6.0,7,6,8.0,7.1,1
1,1.0,0,0,1.0,7.4,1
1,14.0,25,6,21.0,7.0,1
1,18.0,15,11,24.0,7.1,1
1,16.0,5,7,38.0,5.2,1
1,20.0,2,57,33.0,5.9,1
1,30.0,20,18,39.0,8.5,1
1,9.0,1,10,12.0,6.8,1
1,0.0,0,1,0.0,8.3,1
1,6.0,3,12,9.0,6.8,1
1,7.0,2,6,12.0,6.6,1
1,6.0,6,7,9.0,7.7,1
1,119.0,31,102,163.0,7.4,1
1,1.0,0,0,1.0,7.9,1
1,7.0,0,6,11.0,6.3,1
2,9.0,2,4,17.0,5.6,1
1,1574.0,233,5252,1840.0,9.2,1
2,531.0,150,2533,730.0,8.3,1
1,487.0,184,458,719.0,7.8,1
1,646.0,65,532,781.0,8.6,1
1,55.0,17,43,102.0,6.3,1
1,20.0,2,11,23.0,8.1,1
1,11.0,2,4,15.0,6.6,1
1,318.0,177,496,496.0,6.2,1
1,368.0,98,174,489.0,7.4,1
2,6.0,3,20,10.0,6.0,1
1,33.0,12,38,42.0,7.8,1
1,31.0,20,79,50.0,6.9,1
1,5.0,4,17,8.0,6.9,1
1,15.0,4,13,21.0,6.5,1
1,10.0,5,91,14.0,7.9,1
1,395.0,79,162,463.0,8.9,1
1,48.0,26,581,89.0,6.3,1
2,599.0,88,175,710.0,9.0,1
1,220.0,56,132,312.0,8.0,1
1,75.0,4,23,111.0,7.2,1
1,93.0,14,25,114.0,7.6,1
1,147.0,39,34,187.0,8.2,1
1,319.0,125,853,490.0,7.0,1
2,16.0,3,39,20.0,8.4,1
1,124.0,22,57,158.0,8.3,1
1,26.0,5,32,38.0,7.4,1
1,13.0,2,19,16.0,8.0,1
2,59.0,15,26,81.0,7.6,1
1,16.0,3,14,18.0,7.5,1
2,12.0,7,26,17.0,6.9,1
1,6.0,0,8,11.0,5.9,1
1,51.0,7,18,61.0,8.4,1
1,20.0,21,10,27.0,7.1,1
2,800.0,224,1330,1041.0,8.9,1
3,6486.0,1050,11772,5559.0,7.7,1
2,588.0,118,678,717.0,8.6,1
1,133.0,16,221,153.0,9.1,1
2,115.0,31,108,170.0,7.4,1
1,22.0,16,46,31.0,8.7,1
1,19.0,3,23,23.0,8.1,1
1,38.0,14,62,58.0,6.5,1
1,199.0,45,83,265.0,7.9,1
1,96.0,31,70,145.0,7.1,1
2,51.0,21,60,70.0,8.5,1
2,239.0,49,82,302.0,8.5,1
1,8.0,3,26,10.0,7.8,1
1,7.0,5,13,15.0,5.6,1
1,10.0,2,12,10.0,8.3,1
1,53.0,6,22,72.0,7.4,1
1,145.0,21,52,203.0,7.3,1
1,142.0,53,738,221.0,6.6,1
1,23.0,6,45,23.0,8.4,1
1,1.0,1,0,20.0,4.4,1
1,45.0,14,240,59.0,8.0,1
1,206.0,60,156,263.0,8.6,1
1,58.0,5,111,82.0,7.4,1
1,8.0,6,12,12.0,7.7,1
1,9.0,4,7,12.0,7.2,1
2,15.0,17,22,23.0,8.0,1
1,42.0,8,235,61.0,7.3,1
1,14.0,0,6,16.0,8.0,1
3,232.0,125,243,442.0,5.6,1
1,20.0,5,15,26.0,7.0,1
1,7.0,4,14,10.0,7.3,1
2,7.0,7,9,11.0,7.3,1
2,18.0,3,16,26.0,6.7,1
2,10.0,7,39,16.0,7.6,1
2,14.0,15,30,31.0,5.8,1
3,148.0,41,111,202.0,7.8,1
1,78.0,26,268,112.0,7.5,1
2,9.0,1,4,16.0,6.6,1
2,11.0,2,18,14.0,7.7,1
2,46.0,42,94,78.0,6.6,1
1,9.0,2,7,9.0,8.3,1
1,80.0,17,34,117.0,7.2,1
2,29.0,4,7,46.0,6.2,1
1,34.0,21,158,64.0,6.4,1
1,10.0,1,9,12.0,7.6,1
1,9.0,1,9,9.0,8.0,1
2,4.0,2,4,8.0,5.6,1
1,474.0,215,317,696.0,8.3,1
1,22.0,3,24,33.0,7.2,1
2,802.0,150,194,948.0,9.0,1
3,194.0,61,194,306.0,6.9,1
1,5.0,2,8,8.0,7.5,1
1,56.0,18,106,80.0,7.4,1
1,8.0,7,9,14.0,7.1,1
1,15.0,5,6,21.0,6.5,1
1,24.0,7,106,33.0,6.8,1
1,5.0,2,16,9.0,6.4,1
1,22.0,10,38,28.0,7.8,1
2,8.0,1,22,8.0,8.1,1
2,30.0,10,11,61.0,5.6,1
2,370.0,189,2187,636.0,6.8,1
2,39.0,10,26,57.0,7.3,1
1,36.0,21,29,52.0,7.9,1
2,4181.0,476,11492,4902.0,9.1,1
2,1242.0,189,5170,1453.0,9.0,1
1,299.0,21,638,346.0,8.9,1
1,300.0,65,675,366.0,8.6,1
1,206.0,76,791,296.0,7.8,1
1,283.0,44,647,346.0,8.6,1
1,638.0,119,216,759.0,9.1,1
1,7.0,1,128,8.0,7.0,1
1,216.0,51,212,255.0,9.0,1
1,62.0,12,31,76.0,8.2,1
1,6.0,3,34,15.0,6.2,1
1,80.0,49,133,128.0,7.6,1
1,50.0,11,33,60.0,8.3,1
1,44.0,13,13,51.0,8.3,1
1,38.0,14,54,48.0,8.4,1
1,14.0,2,1,16.0,7.6,1
1,6.0,1,5,9.0,7.4,1
2,162.0,62,347,192.0,8.9,1
2,541.0,237,698,923.0,6.7,1
2,55.0,34,205,119.0,5.8,1
1,0.0,1,10,1.0,6.3,1
1,197.0,32,2621,216.0,8.7,1
1,1227.0,260,6836,1424.0,9.2,1
1,57.0,11,194,58.0,8.8,1
1,262.0,39,440,302.0,9.0,1
1,74.0,22,648,86.0,8.8,1
1,792.0,232,196,1040.0,8.4,1
1,16.0,5,27,16.0,7.9,1
2,388.0,122,135,519.0,8.2,1
1,9.0,0,89,11.0,7.8,1
1,23.0,2,19,25.0,8.8,1
1,18.0,10,297,33.0,6.0,1
1,19.0,5,20,23.0,7.9,1
1,19.0,14,98,17.0,7.8,1
1,56.0,6,29,67.0,8.4,1
2,129.0,33,55,171.0,7.6,1
1,57.0,21,143,82.0,6.7,1
1,142.0,35,48,182.0,7.8,1
1,20.0,0,14,27.0,7.4,1
2,22.0,11,5,27.0,7.7,1
1,26.0,9,18,43.0,6.3,1
1,26.0,15,39,44.0,6.3,1
1,94.0,63,171,165.0,6.1,1
1,16.0,6,27,32.0,5.8,1
1,12.0,3,16,15.0,7.3,1
1,7.0,0,7,9.0,8.2,1
1,5.0,0,3,8.0,6.5,1
1,4.0,0,6,5.0,7.9,1
1,6.0,1,4,8.0,7.1,1
1,167.0,45,31,215.0,8.2,1
1,5.0,0,1,10.0,6.9,1
1,46.0,11,63,65.0,7.8,1
2,6.0,1,3,9.0,6.8,1
2,17.0,2,111,19.0,8.6,1
1,7.0,1,15,7.0,7.4,1
3,4.0,9,229,49.0,6.0,1
1,9.0,0,8,12.0,6.6,1
1,5.0,2,0,6.0,7.4,1
1,7.0,2,15,9.0,6.8,1
1,10.0,3,10,11.0,7.5,1
1,13.0,1,12,15.0,7.7,1
1,18.0,5,19,30.0,6.5,1
1,0.0,0,2,0.0,8.2,1
1,30.0,12,15,36.0,8.0,1
2,9.0,0,9,9.0,7.9,1
1,71.0,14,149,89.0,7.4,1
1,8.0,0,44,11.0,8.3,1
1,12.0,10,91,29.0,5.3,1
1,239.0,40,574,302.0,8.0,1
1,59.0,15,54,95.0,6.3,1
2,5.0,0,6,10.0,5.9,1
1,7.0,3,26,10.0,6.4,1
1,7.0,2,2,13.0,5.7,1
1,9.0,0,1,10.0,7.7,1
1,3.0,1,7,10.0,5.1,1
1,1963.0,499,23198,2946.0,7.7,1
1,5298.0,971,19716,7108.0,8.4,1
1,3467.0,707,20160,4409.0,8.9,1
1,265.0,71,1610,309.0,8.2,1
1,372.0,54,4291,527.0,7.9,1
2,597.0,278,3055,840.0,8.5,1
1,1076.0,514,3556,1538.0,8.5,1
2,476.0,88,238,619.0,8.3,1
2,6.0,3,37,11.0,6.3,1
1,10.0,2,53,12.0,7.5,1
1,514.0,176,386,753.0,7.6,1
1,7.0,2,7,9.0,7.9,1
1,75.0,2,110,94.0,8.1,1
2,92.0,26,411,71.0,9.0,1
1,0.0,0,0,1.0,6.5,1
1,925.0,230,3804,1136.0,8.9,1
1,159.0,39,1161,215.0,7.9,1
3,3397.0,1042,4281,4754.0,8.3,1
1,280.0,71,1588,365.0,8.3,1
1,184.0,35,372,232.0,8.4,1
1,20.0,10,204,36.0,6.2,1
1,616.0,176,320,830.0,7.7,1
1,2782.0,493,1405,3326.0,9.1,1
2,293.0,128,451,426.0,7.8,1
1,109.0,4,162,132.0,8.6,1
2,373.0,67,223,532.0,7.8,1
2,96.0,45,150,150.0,7.2,1
1,12.0,4,16,22.0,6.6,1
1,48.0,14,26,53.0,8.8,1
1,12.0,4,24,13.0,8.2,1
2,13.0,9,27,20.0,7.1,1
1,45.0,23,139,82.0,5.9,1
2,8.0,0,5,10.0,7.3,1
1,875.0,164,647,1076.0,8.6,1
2,842.0,258,1306,1281.0,7.1,1
2,45.0,31,51,83.0,5.8,1
1,20.0,10,201,18.0,8.3,1
2,54.0,34,84,85.0,7.7,1
2,16.0,6,3,20.0,8.5,1
1,3.0,0,5,3.0,7.9,1
2,23.0,4,52,29.0,7.8,1
1,12.0,3,17,19.0,6.3,1
1,3.0,0,1,7.0,6.6,1
1,8.0,1,11,10.0,7.4,1
1,12.0,18,47,31.0,5.5,1
2,8.0,2,25,16.0,6.4,1
1,20.0,2,10,23.0,7.6,1
1,23.0,4,21,33.0,7.0,1
2,12.0,2,9,15.0,7.4,1
1,104.0,40,560,123.0,8.9,1
1,318.0,43,315,400.0,8.4,1
1,175.0,52,366,284.0,6.6,1
1,67.0,7,34,96.0,7.2,1
1,31.0,4,45,47.0,7.1,1
1,11.0,5,16,13.0,7.7,1
1,121.0,41,186,170.0,7.6,1
1,10.0,2,16,17.0,8.4,1
2,6.0,2,1,10.0,5.9,1
1,30.0,11,69,35.0,8.4,1
1,56.0,10,44,102.0,6.2,1
1,6.0,1,19,8.0,7.1,1
1,10.0,0,2,13.0,7.3,1
2,9.0,4,7,14.0,7.4,1
1,1394.0,313,6287,1815.0,8.4,1
2,734.0,299,1897,925.0,9.2,1
1,342.0,23,360,408.0,8.7,1
1,824.0,136,658,1049.0,8.4,1
1,8.0,1,59,15.0,6.3,1
3,307.0,111,279,482.0,7.0,1
2,320.0,147,232,452.0,7.9,1
1,9.0,7,94,20.0,6.4,1
1,15.0,1,9,22.0,6.5,1
1,82.0,33,21,104.0,8.6,1
2,194.0,90,230,322.0,7.1,1
1,18.0,3,48,21.0,8.1,1
1,6.0,1,17,11.0,5.7,1
1,18.0,4,18,21.0,8.2,1
1,9.0,0,0,13.0,6.5,1
1,10.0,4,13,13.0,7.2,1
1,72.0,25,363,115.0,6.4,1
1,3.0,4,34,10.0,5.2,1
1,20.0,6,59,23.0,8.3,1
1,26.0,9,27,28.0,8.4,1
1,103.0,22,263,134.0,8.0,1
1,156.0,70,527,200.0,8.2,1
1,7.0,3,19,9.0,7.4,1
2,3.0,1,5,3.0,7.0,1
2,14.0,6,8,24.0,6.5,1
1,13.0,9,34,20.0,7.1,1
1,38.0,8,5,48.0,8.0,1
1,85.0,21,570,108.0,8.4,1
1,910.0,226,629,1135.0,8.6,1
1,238.0,81,151,321.0,8.5,1
1,42.0,4,13,52.0,8.2,1
3,250.0,110,252,374.0,7.2,1
1,21.0,8,7,33.0,7.4,1
3,89.0,38,64,129.0,7.3,1
1,89.0,5,59,102.0,8.7,1
2,10.0,1,32,12.0,7.6,1
2,48.0,11,22,78.0,6.5,1
1,30.0,12,21,48.0,6.6,1
1,126.0,25,84,213.0,6.5,1
1,210.0,34,79,296.0,7.8,1
1,146.0,32,117,204.0,7.5,1
1,497.0,466,470,648.0,7.9,1
1,2.0,0,0,2.0,7.6,1
1,3.0,2,18,7.0,6.6,1
1,238.0,35,1160,286.0,8.9,1
1,110.0,27,313,134.0,8.7,1
1,10.0,3,127,11.0,7.8,1
2,369.0,161,322,604.0,6.9,1
2,72.0,47,411,136.0,6.2,1
1,37.0,12,53,49.0,8.0,1
2,299.0,123,199,419.0,8.1,1
4,262.0,80,191,391.0,7.0,1
1,47.0,11,55,63.0,7.9,1
3,11.0,3,10,19.0,6.4,1
1,56.0,35,79,79.0,8.0,1
3,30.0,19,69,60.0,5.6,1
2,240.0,46,470,309.0,8.4,1
1,248.0,20,249,361.0,7.6,1
1,512.0,47,394,613.0,8.7,1
1,36.0,11,115,42.0,8.6,1
1,35.0,8,27,55.0,7.0,1
1,82.0,47,138,131.0,7.1,1
1,103.0,22,78,138.0,7.6,1
1,311.0,35,105,378.0,8.7,1
1,30.0,10,52,43.0,7.2,1
1,51.0,15,334,72.0,7.3,1
1,39.0,3,32,44.0,8.4,1
1,38.0,2,33,49.0,7.8,1
1,6.0,2,8,8.0,7.8,1
1,1.0,0,13,2.0,7.8,1
1,7.0,1,50,10.0,7.3,1
1,30.0,4,20,36.0,7.9,1
1,8.0,1,0,8.0,7.9,1
2,4.0,2,5,8.0,6.1,1
2,21.0,20,13,36.0,8.2,1
1,12.0,2,13,15.0,7.1,1
1,49.0,4,114,57.0,8.8,1
1,52.0,6,9,64.0,8.3,1
1,29.0,4,4,38.0,7.7,1
1,1.0,1,13,1.0,8.1,1
1,41.0,11,7,46.0,8.2,1
1,40.0,6,3,51.0,7.3,1
1,74.0,14,105,89.0,8.6,1
1,33.0,5,10,48.0,7.1,1
2,11.0,1,1,18.0,6.4,1
1,41.0,3,23,79.0,6.2,1
1,36.0,1,3,39.0,8.9,1
1,4.0,1,38,8.0,7.1,1
1,30.0,2,80,37.0,7.9,1
1,1.0,0,21,12.0,7.1,1
3,12.0,1,23,15.0,7.3,1
1,2.0,1,63,18.0,8.4,1
1,12.0,2,106,22.0,5.6,1
4,1.0,1,72,28.0,7.9,1
2,19.0,0,56,21.0,8.3,1
2,3.0,6,37,21.0,5.1,1
2,17.0,2,101,30.0,7.8,1
1,3.0,2,3,7.0,6.0,1
1,9.0,0,0,12.0,6.6,1
1,1641.0,366,5427,2036.0,9.1,1
1,949.0,259,6483,1174.0,8.9,1
1,562.0,129,3777,753.0,8.4,1
1,1673.0,458,7507,2181.0,9.0,1
1,198.0,33,1870,264.0,8.0,1
1,701.0,239,6403,1062.0,7.7,1
1,289.0,113,2060,355.0,8.8,1
1,106.0,39,669,132.0,8.2,1
3,3402.0,952,15003,4182.0,9.1,1
1,5.0,0,14,11.0,5.8,1
1,18.0,4,50,24.0,6.9,1
1,67.0,12,75,100.0,6.6,1
1,5.0,1,10,8.0,6.0,1
1,7.0,3,27,18.0,5.2,1
1,20.0,3,32,26.0,6.9,1
1,312.0,71,3569,446.0,7.6,1
1,1183.0,280,12698,1669.0,8.0,1
1,391.0,92,3874,526.0,8.3,1
3,353.0,106,2596,456.0,8.7,1
3,205.0,52,1858,322.0,7.0,1
2,246.0,69,1264,296.0,9.0,1
1,131.0,55,641,186.0,8.7,1
1,6.0,2,49,14.0,6.2,1
1,222.0,25,1415,259.0,8.6,1
2,1221.0,578,8541,2031.0,7.6,1
4,473.0,163,2882,689.0,8.0,1
1,802.0,159,5918,1292.0,6.9,1
2,150.0,70,1067,233.0,7.6,1
2,395.0,201,2251,639.0,7.3,1
2,576.0,240,3473,825.0,8.3,1
1,132.0,31,408,134.0,9.2,1
1,311.0,116,2521,500.0,7.0,1
1,282.0,106,3636,432.0,7.4,1
2,139.0,71,993,235.0,6.8,1
2,236.0,93,871,349.0,8.2,1
2,246.0,182,667,408.0,8.1,1
2,98.0,83,740,250.0,5.7,1
1,124.0,29,921,190.0,7.3,1
1,21.0,5,149,29.0,6.5,1
2,20.0,6,185,25.0,8.7,1
1,2.0,2,16,3.0,7.5,1
1,6.0,0,6,8.0,7.2,1
1,7.0,1,4,8.0,7.8,1
1,5.0,0,2,8.0,6.5,1
3,18.0,16,18,26.0,7.3,1
1,233.0,36,95,305.0,8.5,1
2,256.0,124,319,467.0,6.2,1
1,384.0,71,123,467.0,8.3,1
1,137.0,45,72,201.0,7.6,1
2,105.0,57,121,183.0,5.9,1
1,31.0,13,19,52.0,6.4,1
3,4720.0,473,8225,5584.0,9.0,1
1,122.0,4,119,149.0,8.5,1
1,98.0,13,60,151.0,7.1,1
1,289.0,44,526,366.0,8.3,1
1,151.0,19,86,172.0,9.2,1
1,33.0,9,19,41.0,8.4,1
1,26.0,6,27,43.0,6.6,1
1,0.0,0,1,1.0,8.0,1
1,320.0,30,172,487.0,7.3,1
1,89.0,30,157,122.0,8.2,1
2,719.0,240,580,955.0,8.8,1
3,478.0,218,514,724.0,7.8,1
2,313.0,134,220,420.0,8.9,1
1,8.0,1,11,8.0,8.2,1
1,77.0,21,50,112.0,7.6,1
1,72.0,27,103,149.0,5.8,1
1,18.0,10,14,31.0,6.2,1
4,14.0,7,16,24.0,6.2,1
1,49.0,33,61,67.0,7.4,1
1,89.0,29,64,142.0,6.7,1
1,424.0,98,234,540.0,8.0,1
1,8.0,6,21,17.0,6.2,1
2,98.0,60,158,178.0,6.1,1
2,13.0,8,9,27.0,6.6,1
2,73.0,70,156,173.0,5.1,1
1,8.0,4,15,11.0,6.6,1
1,447.0,119,3564,548.0,8.6,1
1,243.0,43,164,325.0,7.9,1
2,528.0,119,281,706.0,7.8,1
2,10.0,5,23,13.0,7.8,1
1,9.0,1,6,12.0,7.1,1
1,0.0,2,2,2.0,6.9,1
1,302.0,45,628,372.0,8.6,1
2,574.0,259,504,874.0,7.7,1
1,413.0,219,710,641.0,7.7,1
1,468.0,83,451,586.0,8.4,1
1,311.0,55,181,388.0,8.7,1
1,29.0,12,78,37.0,8.9,1
1,206.0,66,171,279.0,8.2,1
1,6.0,1,22,8.0,7.2,1
2,16.0,3,5,24.0,6.7,1
1,18.0,5,11,20.0,8.5,1
2,6.0,3,5,12.0,5.6,1
1,28.0,10,8,43.0,6.2,1
1,13.0,1,14,19.0,6.6,1
1,42.0,15,36,74.0,6.0,1
2,467.0,178,243,642.0,8.8,1
1,8.0,1,1,11.0,7.0,1
2,8.0,5,5,9.0,7.2,1
1,107.0,12,680,119.0,9.0,1
1,127.0,20,56,182.0,7.5,1
1,15.0,6,45,20.0,8.1,1
1,23.0,3,128,14.0,8.0,1
1,95.0,40,104,166.0,6.2,1
1,9.0,3,19,9.0,7.9,1
1,13.0,3,15,23.0,5.9,1
1,206.0,65,267,249.0,8.7,1
1,64.0,9,33,118.0,6.2,1
1,75.0,6,19,116.0,6.8,1
1,317.0,65,164,363.0,9.1,1
1,23.0,5,25,29.0,7.8,1
1,128.0,38,51,156.0,8.6,1
1,63.0,6,110,71.0,8.7,1
1,14.0,3,18,16.0,8.5,1
1,242.0,34,32,303.0,8.3,1
1,54.0,28,30,78.0,7.8,1
2,25.0,5,10,33.0,7.7,1
1,69.0,24,78,98.0,7.3,1
2,5.0,7,11,14.0,6.0,1
2,81.0,20,16,99.0,8.3,1
1,81.0,41,46,105.0,8.1,1
1,13.0,5,3,16.0,8.4,1
2,6.0,5,6,11.0,8.3,1
1,40.0,19,20,63.0,6.6,1
1,48.0,15,38,57.0,8.3,1
2,9.0,1,8,10.0,7.7,1
1,306.0,39,519,366.0,8.7,1
1,74.0,17,43,102.0,7.5,1
1,14.0,9,44,27.0,6.2,1
1,192.0,37,98,283.0,7.4,1
1,67.0,12,6,90.0,7.4,1
1,144.0,67,171,194.0,7.4,1
1,75.0,25,685,86.0,8.8,1
1,49.0,13,93,52.0,8.8,1
1,204.0,42,173,271.0,8.0,1
1,22.0,2,89,25.0,8.4,1
1,236.0,42,78,320.0,7.8,1
1,91.0,10,46,163.0,6.2,1
1,31.0,0,9,34.0,8.8,1
2,20.0,2,7,30.0,6.8,1
1,29.0,7,24,38.0,8.1,1
1,19.0,3,12,25.0,7.7,1
1,16.0,13,33,22.0,8.0,1
1,39.0,15,34,57.0,7.1,1
1,32.0,7,9,43.0,7.1,1
1,5.0,2,6,9.0,7.0,1
2,52.0,4,5,66.0,7.9,1
1,42.0,133,40,66.0,7.2,1
1,1.0,3,4,9.0,5.2,1
1,6.0,0,5,9.0,6.8,1
1,20.0,7,12,23.0,8.2,1
1,4.0,2,4,7.0,6.5,1
1,8.0,1,9,8.0,8.3,1
2,35.0,5,14,45.0,8.4,1
1,17.0,2,6,21.0,7.9,1
1,89.0,9,430,123.0,7.1,1
1,59.0,10,387,74.0,7.7,1
1,91.0,23,324,126.0,7.4,1
2,63.0,15,280,99.0,6.2,1
1,133.0,183,99,186.0,8.5,1
1,57.0,8,185,70.0,7.8,1
2,3.0,5,172,50.0,7.6,1
1,2.0,4,11,9.0,5.1,1
2,141.0,54,286,207.0,6.5,1
1,56.0,28,77,113.0,5.2,1
2,3.0,2,80,19.0,6.7,1
1,7.0,3,58,19.0,7.3,1
1,13.0,3,50,19.0,6.2,1
1,1.0,4,133,40.0,6.1,1
1,12.0,7,30,14.0,7.4,1
1,22.0,9,143,38.0,6.2,1
2,7.0,2,51,20.0,5.5,1
2,93.0,44,90,150.0,6.2,1
1,19.0,6,15,22.0,7.5,1
1,56.0,30,89,85.0,6.6,1
1,0.0,1,54,25.0,7.4,1
1,8.0,0,35,9.0,7.3,1
1,51.0,17,70,91.0,5.6,1
1,14.0,5,10,19.0,6.8,1
1,450.0,109,704,618.0,7.8,1
2,23.0,2,25,23.0,8.7,1
1,224.0,62,998,357.0,7.1,1
1,105.0,29,466,140.0,8.3,1
1,131.0,42,430,183.0,8.0,1
1,14.0,13,46,14.0,8.1,1
2,10.0,1,33,15.0,6.6,1
1,120.0,31,107,154.0,7.9,1
1,7.0,1,3,12.0,5.9,1
1,6064.0,423,17997,3704.0,8.7,1
1,999.0,158,14167,1327.0,8.2,1
1,356.0,96,3936,472.0,8.2,1
1,3225.0,366,4353,2009.0,8.9,1
1,590.0,153,5619,830.0,8.0,1
1,371.0,93,4403,478.0,8.4,1
1,744.0,113,7093,922.0,8.8,1
1,432.0,90,3984,519.0,9.0,1
2,192.0,64,1656,251.0,8.2,1
2,124.0,68,1149,188.0,6.6,1
1,184.0,77,1790,217.0,8.4,1
1,113.0,29,1873,146.0,8.0,1
1,63.0,19,675,78.0,8.0,1
1,159.0,46,1001,188.0,8.9,1
1,57.0,12,629,85.0,7.3,1
1,94.0,17,862,131.0,7.7,1
1,74.0,20,468,85.0,8.4,1
2,47.0,29,498,62.0,7.9,1
2,138.0,87,823,281.0,6.4,1
1,9.0,5,117,7.0,8.1,1
1,18.0,15,179,26.0,8.1,1
1,9.0,6,35,11.0,7.8,1
1,38.0,19,327,69.0,6.9,1
2,82.0,58,322,121.0,8.0,1
1,1.0,0,15,2.0,7.8,1
2,15.0,5,92,23.0,6.9,1
1,10.0,2,96,13.0,7.7,1
1,12.0,1,37,10.0,8.5,1
1,5.0,0,13,6.0,7.9,1
1,59.0,44,25,90.0,8.3,1
1,98.0,21,52,161.0,6.8,1
1,141.0,33,71,186.0,8.0,1
2,26.0,11,102,43.0,7.4,1
2,32.0,7,83,45.0,7.2,1
2,5894.0,988,15467,7160.0,9.0,1
1,519.0,140,5457,726.0,8.1,1
1,544.0,112,1401,653.0,9.1,1
1,637.0,158,1286,776.0,9.3,1
1,99.0,19,794,146.0,7.6,1
3,2395.0,913,2321,3338.0,8.2,1
3,1045.0,224,2523,1369.0,8.5,1
2,1500.0,402,1079,1904.0,9.0,1
3,1919.0,511,8601,2401.0,8.8,1
3,1520.0,702,4520,2381.0,7.5,1
1,75.0,15,145,95.0,8.5,1
3,1603.0,710,3087,2508.0,6.9,1
1,615.0,203,1060,815.0,8.6,1
1,26.0,4,36,29.0,8.6,1
1,142.0,39,566,175.0,8.5,1
2,445.0,130,545,604.0,8.3,1
1,448.0,146,3955,627.0,7.6,1
1,227.0,60,122,303.0,8.2,1
2,16.0,6,141,20.0,8.2,1
1,285.0,159,799,444.0,7.4,1
2,187.0,63,186,257.0,8.2,1
1,1.0,0,3,0.0,7.8,1
3,1419.0,625,2129,1946.0,8.8,1
1,17.0,7,62,20.0,8.6,1
1,87.0,19,62,102.0,9.0,1
1,69.0,16,209,78.0,9.3,1
3,33.0,14,233,45.0,7.6,1
2,8.0,6,43,12.0,7.0,1
1,2.0,1,0,2.0,7.7,1
1,8.0,2,5,11.0,7.1,1
1,1.0,0,4,1.0,8.1,1
1,3.0,1,4,3.0,7.5,1
1,5.0,8,7,10.0,5.6,1
1,438.0,104,153,517.0,8.9,1
1,80.0,14,91,106.0,7.9,1
2,54.0,11,39,74.0,7.4,1
1,50.0,4,5,62.0,8.0,1
2,202.0,47,57,283.0,7.8,1
1,32.0,9,36,34.0,9.0,1
1,35.0,6,34,44.0,7.8,1
1,8.0,2,14,11.0,7.2,1
1,108.0,14,59,124.0,9.1,1
1,0.0,0,0,0.0,8.6,1
1,11.0,10,26,20.0,6.0,1
1,10.0,14,23,27.0,5.4,1
1,499.0,160,2259,646.0,8.7,1
1,384.0,63,82,518.0,8.1,1
1,555.0,55,515,670.0,8.7,1
1,102.0,15,68,124.0,8.4,1
1,45.0,26,128,57.0,8.6,1
1,58.0,37,87,130.0,5.5,1
1,10.0,3,10,13.0,7.6,1
1,21.0,5,29,30.0,7.3,1
1,9.0,0,10,12.0,6.9,1
2,10.0,1,10,14.0,6.8,1
1,24.0,4,10,29.0,8.0,1
1,8.0,1,8,14.0,6.1,1
1,390.0,162,2189,503.0,8.6,1
1,1.0,0,7,1.0,6.7,1
1,84.0,18,141,117.0,7.3,1
1,39.0,10,27,54.0,7.6,1
1,5.0,1,17,7.0,7.4,1
1,9.0,2,15,11.0,7.0,1
1,1.0,0,3,1.0,7.3,1
1,8.0,4,7,15.0,5.6,1
1,2.0,1,0,3.0,7.2,1
1,34.0,8,74,49.0,7.2,1
1,11.0,2,70,17.0,6.9,1
1,26.0,9,101,37.0,7.1,1
1,79.0,28,84,106.0,7.6,1
1,16.0,3,59,27.0,6.5,1
1,36.0,9,45,43.0,8.1,1
1,4.0,1,2,8.0,5.7,1
1,3.0,0,5,4.0,7.7,1
1,29.0,19,36,46.0,7.4,1
1,6.0,1,15,6.0,7.8,1
2,7.0,2,6,13.0,6.0,1
1,53.0,17,180,81.0,8.1,1
1,33.0,3,70,34.0,9.1,1
1,177.0,34,130,269.0,7.0,1
1,36.0,9,30,40.0,8.8,1
1,69.0,7,44,76.0,9.1,1
1,7.0,0,10,9.0,7.4,1
1,34.0,2,6,52.0,6.8,1
1,11.0,3,14,13.0,8.0,1
1,46.0,25,35,70.0,6.9,1
1,118.0,54,85,153.0,8.0,1
1,7.0,2,10,8.0,7.1,1
1,9.0,6,29,10.0,7.9,1
1,2.0,0,2,2.0,6.8,1
1,3.0,0,0,3.0,8.0,1
1,20.0,14,61,33.0,6.7,1
1,21.0,5,36,30.0,6.9,1
1,7.0,6,18,13.0,5.7,1
1,14.0,2,43,16.0,8.5,1
2,543.0,116,251,661.0,8.7,1
1,45.0,7,78,51.0,9.1,1
1,74.0,18,44,121.0,6.7,1
1,346.0,88,97,447.0,8.1,1
1,10.0,3,30,10.0,7.6,1
1,7.0,1,16,8.0,7.8,1
1,18.0,13,35,47.0,5.6,1
1,38.0,17,28,46.0,8.0,1
1,6.0,5,39,11.0,7.0,1
3,15.0,4,10,20.0,7.2,1
1,230.0,132,249,315.0,8.1,1
1,5.0,4,23,11.0,5.9,1
1,24.0,5,44,42.0,6.3,1
1,8.0,0,3,15.0,6.1,1
1,8.0,2,2,9.0,8.2,1
1,8.0,2,1,9.0,7.5,1
2,7.0,5,12,9.0,6.8,1
1,5.0,6,9,10.0,6.2,1
1,15.0,2,11,16.0,7.9,1
2,8.0,2,0,9.0,7.5,1
1,19.0,4,92,27.0,7.5,1
1,54.0,7,11,72.0,7.8,1
1,7.0,2,13,8.0,8.5,1
1,15.0,2,6,17.0,8.4,1
2,15.0,2,15,17.0,8.1,1
2,46.0,20,21,65.0,7.6,1
1,9.0,7,11,12.0,7.6,1
1,16.0,1,0,26.0,6.4,1
1,5.0,18,7,20.0,5.0,1
1,11.0,1,8,16.0,6.9,1
2,74.0,38,33,111.0,6.4,1
1,2.0,0,1,3.0,7.5,1
1,79.0,15,211,96.0,8.4,1
1,36.0,9,43,60.0,6.3,1
1,16.0,4,14,28.0,6.2,1
1,8.0,5,12,15.0,6.7,1
1,21.0,6,23,25.0,8.2,1
1,1.0,1,0,2.0,7.7,1
1,25.0,18,69,50.0,5.6,1
1,4.0,1,8,7.0,6.8,1
1,2.0,1,4,2.0,6.4,1
1,4.0,1,6,8.0,6.1,1
1,1.0,0,0,1.0,6.4,1
1,8.0,4,25,14.0,6.1,1
1,1.0,0,1,1.0,6.3,1
1,99.0,11,66,121.0,8.2,1
1,28.0,11,31,37.0,8.1,1
1,7.0,3,10,14.0,6.1,1
1,17.0,2,12,20.0,8.3,1
1,8.0,1,0,10.0,7.9,1
1,6.0,3,2,12.0,6.4,1
1,10.0,1,17,12.0,8.0,1
1,267.0,34,1374,323.0,8.7,1
1,585.0,165,3042,844.0,7.4,1
1,114.0,34,894,150.0,8.1,1
1,1.0,3,52,8.0,7.3,1
1,9.0,8,111,14.0,7.1,1
1,17.0,4,31,19.0,7.8,1
1,9.0,0,8,9.0,7.8,1
1,5.0,22,51,23.0,4.8,1
1,44.0,4,13,49.0,8.6,1
1,0.0,0,2,1.0,8.0,1
1,1660.0,147,3602,1851.0,9.3,1
1,596.0,168,900,766.0,8.5,1
1,122.0,64,544,172.0,8.2,1
1,401.0,52,384,491.0,8.7,1
1,65.0,34,108,97.0,8.3,1
1,59.0,13,282,72.0,8.3,1
2,248.0,96,752,417.0,6.7,1
2,32.0,13,39,48.0,7.6,1
1,23.0,11,59,32.0,7.6,1
1,136.0,46,153,187.0,8.3,1
1,125.0,40,183,169.0,8.6,1
2,41.0,14,63,65.0,7.7,1
1,58.0,16,97,74.0,8.6,1
1,21.0,8,16,33.0,7.1,1
1,84.0,24,97,119.0,7.8,1
3,611.0,296,961,927.0,7.0,1
1,41.0,5,22,50.0,8.0,1
1,190.0,49,225,288.0,6.5,1
1,183.0,30,131,262.0,7.9,1
1,120.0,30,462,141.0,8.8,1
1,112.0,11,58,162.0,7.7,1
1,10.0,5,33,12.0,7.8,1
1,3.0,0,16,3.0,8.1,1
1,87.0,15,50,109.0,8.1,1
1,27.0,13,21,49.0,5.5,1
1,199.0,104,350,324.0,6.5,1
1,42.0,12,17,74.0,5.5,1
1,32.0,4,25,38.0,7.7,1
2,43.0,21,272,78.0,6.2,1
1,15.0,1,8,16.0,8.7,1
1,136.0,22,875,160.0,8.9,1
1,2.0,1,5,2.0,8.0,1
1,13.0,5,27,16.0,7.5,1
1,27.0,3,17,34.0,7.8,1
2,42.0,10,102,60.0,7.7,1
1,53.0,3,30,66.0,7.7,1
1,1.0,1,83,15.0,7.6,1
1,7.0,1,40,8.0,7.9,1
1,170.0,25,885,190.0,9.0,1
1,147.0,113,233,195.0,8.9,1
2,611.0,263,1262,933.0,7.6,1
1,129.0,11,81,174.0,7.5,1
1,8.0,5,34,17.0,6.1,1
1,373.0,131,1805,516.0,7.9,1
2,16.0,4,1,20.0,7.4,1
1,7.0,0,19,9.0,7.5,1
1,3742.0,848,25811,4928.0,8.8,1
2,928.0,234,3477,1213.0,8.9,1
1,826.0,188,3793,1188.0,8.0,1
2,186.0,70,831,264.0,8.3,1
2,136.0,53,428,128.0,8.9,1
1,129.0,18,21,158.0,8.9,1
1,791.0,70,2393,898.0,9.2,1
1,59.0,5,86,107.0,6.3,1
1,356.0,75,275,442.0,8.5,1
1,89.0,12,260,119.0,8.1,1
1,64.0,24,67,86.0,8.7,1
1,17.0,1,11,23.0,7.4,1
1,19.0,4,16,19.0,8.9,1
2,14.0,7,30,24.0,6.5,1
1,877.0,81,1136,1034.0,8.8,1
1,194.0,17,152,293.0,7.1,1
1,79.0,16,176,111.0,7.6,1
1,63.0,9,69,79.0,8.6,1
1,34.0,12,122,39.0,9.0,1
1,31.0,19,79,56.0,6.5,1
2,31.0,18,110,52.0,6.4,1
1,290.0,131,307,425.0,7.1,1
1,12.0,3,10,20.0,7.3,1
1,107.0,39,181,164.0,7.3,1
2,20.0,12,25,33.0,6.9,1
1,6.0,2,14,10.0,6.9,1
1,41.0,12,64,57.0,7.0,1
2,13.0,2,9,15.0,7.9,1
1,2.0,0,2,3.0,6.4,1
1,12.0,1,4,14.0,7.6,1
1,5.0,1,24,8.0,6.9,1
2,34.0,39,88,74.0,5.6,1
1,133.0,24,43,164.0,8.4,1
2,36.0,11,50,52.0,6.8,1
1,9.0,0,9,9.0,8.1,1
1,289.0,87,60,402.0,8.1,1
2,86.0,22,16,96.0,8.8,1
2,4.0,1,12,8.0,6.6,1
1,9.0,3,17,13.0,6.9,1
2,8.0,4,9,20.0,5.7,1
2,22.0,7,8,28.0,7.7,1
1,11.0,2,2,11.0,7.7,1
1,265.0,36,942,326.0,8.6,1
1,856.0,48,731,967.0,9.1,1
1,186.0,20,370,212.0,8.8,1
1,251.0,52,376,313.0,8.8,1
3,774.0,199,889,1003.0,8.3,1
1,299.0,74,400,383.0,8.4,1
2,11.0,3,13,14.0,8.0,1
1,140.0,54,147,205.0,7.7,1
1,356.0,81,250,505.0,7.4,1
2,296.0,66,307,433.0,7.5,1
1,49.0,12,125,75.0,6.5,1
1,237.0,74,402,318.0,8.3,1
1,137.0,31,237,181.0,8.0,1
2,102.0,42,161,169.0,6.6,1
2,23.0,11,89,25.0,8.7,1
1,14.0,1,2,17.0,8.4,1
1,97.0,39,119,137.0,7.9,1
2,435.0,113,333,612.0,7.7,1
2,40.0,13,30,59.0,7.2,1
1,340.0,117,587,445.0,8.5,1
2,20.0,10,23,26.0,7.9,1
1,26.0,26,36,61.0,5.7,1
1,140.0,38,250,179.0,8.1,1
1,7.0,3,18,12.0,6.1,1
1,16.0,6,8,31.0,5.6,1
1,35.0,22,26,52.0,7.0,1
1,11.0,1,11,11.0,8.0,1
1,200.0,27,123,289.0,7.5,1
1,32.0,10,23,47.0,7.1,1
1,2.0,1,18,2.0,7.7,1
1,2.0,0,0,2.0,8.0,1
1,496.0,48,4465,595.0,8.7,1
2,1459.0,361,2474,1926.0,8.3,1
1,17.0,3,11,23.0,7.2,1
1,8.0,1,4,9.0,7.4,1
1,106.0,22,257,166.0,6.7,1
1,10.0,6,57,18.0,5.6,1
1,3.0,0,4,4.0,7.7,1
2,15.0,7,49,19.0,7.1,1
1,108.0,14,34,146.0,7.9,1
1,9.0,0,8,12.0,7.0,1
1,384.0,82,1949,455.0,9.0,1
1,457.0,53,472,541.0,8.8,1
2,85.0,24,79,121.0,7.4,1
1,63.0,19,60,108.0,6.6,1
2,121.0,29,59,150.0,8.4,1
1,305.0,53,155,378.0,8.6,1
1,65.0,28,56,90.0,8.2,1
1,95.0,11,44,128.0,7.8,1
1,74.0,11,67,89.0,8.5,1
1,15.0,3,28,20.0,7.2,1
1,25.0,11,17,37.0,7.2,1
2,16.0,7,31,30.0,6.4,1
1,6.0,2,1,8.0,7.2,1
1,15.0,7,16,22.0,7.0,1
1,323.0,97,2066,399.0,8.7,1
1,250.0,9,301,296.0,8.9,1
1,54.0,11,206,71.0,8.3,1
2,10.0,1,45,10.0,8.6,1
1,155.0,65,27,194.0,8.4,1
1,82.0,25,38,106.0,8.1,1
1,49.0,13,42,63.0,8.2,1
1,16.0,4,23,20.0,7.7,1
1,30.0,7,14,37.0,8.1,1
1,19.0,5,36,34.0,7.1,1
1,80.0,11,6,109.0,7.7,1
1,24.0,6,8,36.0,6.6,1
1,20.0,10,52,30.0,7.0,1
2,13.0,1,11,17.0,6.5,1
1,58.0,21,104,67.0,9.2,1
1,47.0,13,41,75.0,6.5,1
1,5.0,0,3,8.0,6.4,1
1,17.0,0,12,22.0,7.2,1
1,7.0,4,19,11.0,7.1,1
1,17.0,6,20,27.0,6.7,1
1,6.0,4,9,11.0,7.0,1
1,33.0,11,9,39.0,8.5,1
2,98.0,23,38,140.0,7.3,1
1,31.0,11,44,44.0,6.6,1
1,6.0,5,1,8.0,7.0,1
2,7.0,2,12,9.0,7.7,1
1,14.0,0,7,19.0,6.9,1
1,29.0,8,3,44.0,6.4,1
2,63.0,19,57,97.0,7.2,1
2,75.0,30,26,107.0,7.0,1
1,9.0,1,7,14.0,6.8,1
2,69.0,10,126,80.0,9.0,1
1,267.0,28,115,359.0,7.7,1
2,44.0,20,22,64.0,7.6,1
1,52.0,11,36,55.0,9.1,1
1,73.0,23,20,90.0,8.4,1
1,13.0,8,50,15.0,8.3,1
1,7.0,2,14,16.0,5.7,1
1,110.0,15,72,165.0,7.4,1
1,42.0,12,22,76.0,6.5,1
1,55.0,32,31,68.0,9.0,1
1,11.0,1,7,18.0,6.6,1
1,12.0,1,8,12.0,8.6,1
1,36.0,7,11,70.0,6.0,1
1,13.0,1,21,17.0,7.8,1
1,13.0,3,12,16.0,7.6,1
1,21.0,2,11,31.0,6.9,1
1,12.0,5,12,15.0,7.6,1
1,3.0,0,8,8.0,6.2,1
1,54.0,9,13,70.0,8.4,1
1,15.0,0,2,22.0,7.2,1
1,29.0,1,9,46.0,6.9,1
1,14.0,0,2,25.0,6.4,1
1,0.0,0,1,1.0,6.5,1
1,9.0,1,5,21.0,5.8,1
2,10.0,4,1,14.0,7.2,1
1,10.0,3,30,12.0,8.1,1
1,6.0,4,23,8.0,7.2,1
1,15.0,2,95,15.0,8.8,1
1,264.0,9,272,306.0,9.0,1
1,37.0,0,36,61.0,6.5,1
1,36.0,5,32,48.0,8.0,1
1,7.0,2,17,9.0,7.4,1
1,11.0,0,10,13.0,7.4,1
2,10.0,5,17,17.0,6.2,1
2,6.0,1,6,11.0,6.2,1
1,6.0,6,4,9.0,6.4,1
2,7.0,1,3,9.0,6.8,1
1,5.0,2,30,9.0,6.3,1
2,10.0,4,14,13.0,8.1,1
2,40.0,3,22,53.0,7.7,1
2,8.0,1,29,9.0,7.8,1
1,10.0,5,2,15.0,7.3,1
1,23.0,6,11,27.0,7.9,1
1,126.0,5,13,156.0,8.3,1
1,9.0,1,10,12.0,7.6,1
1,28.0,6,129,45.0,6.7,1
2,1.0,2,5,9.0,5.5,1
1,15.0,4,27,20.0,7.2,1
1,3798.0,683,22027,4870.0,8.6,1
1,114.0,20,1172,124.0,8.7,1
2,3115.0,809,7889,4052.0,8.9,1
2,1556.0,482,6892,2077.0,8.8,1
1,2897.0,570,14226,3903.0,8.2,1
1,211.0,81,2093,328.0,7.1,1
1,106.0,10,127,119.0,9.1,1
1,44.0,9,354,60.0,7.7,1
1,570.0,203,1817,734.0,8.9,1
1,51.0,9,250,70.0,8.2,1
2,457.0,203,692,581.0,8.9,1
1,624.0,80,814,747.0,8.9,1
2,1050.0,168,877,1265.0,8.8,1
1,17.0,2,24,18.0,8.7,1
2,607.0,164,198,803.0,8.6,1
1,220.0,55,357,298.0,8.2,1
2,163.0,49,211,235.0,7.8,1
2,584.0,135,592,925.0,7.0,1
1,112.0,19,808,143.0,8.0,1
1,78.0,22,496,64.0,9.0,1
2,274.0,63,130,361.0,8.2,1
4,390.0,192,364,566.0,8.3,1
1,96.0,37,39,145.0,7.2,1
1,27.0,14,116,53.0,6.1,1
1,191.0,30,130,240.0,8.3,1
1,165.0,44,115,255.0,6.8,1
1,70.0,12,44,120.0,6.3,1
1,2.0,1,21,1.0,7.3,1
1,18.0,8,46,53.0,5.1,1
1,255.0,65,105,332.0,8.2,1
1,89.0,39,40,126.0,7.5,1
1,1320.0,632,3143,2096.0,7.1,1
1,70.0,7,74,86.0,8.5,1
1,14.0,6,18,21.0,6.8,1
1,608.0,61,202,683.0,9.2,1
1,6.0,3,4,9.0,6.5,1
2,1265.0,184,3566,1478.0,9.2,1
4,577.0,244,2830,811.0,8.6,1
2,214.0,66,875,277.0,8.0,1
2,118.0,65,736,141.0,8.8,1
1,10.0,6,28,13.0,7.8,1
1,1.0,1,2,3.0,7.4,1
1,17.0,2,25,19.0,8.7,1
1,8.0,0,26,9.0,7.3,1
2,14.0,4,8,22.0,6.5,1
2,7.0,0,11,10.0,7.4,1
1,10.0,1,3,12.0,7.7,1
2,11.0,14,15,29.0,5.6,1
1,4.0,2,7,9.0,5.9,1
1,20.0,4,486,25.0,8.4,1
1,1.0,1,220,7.0,7.6,1
1,125.0,192,262,206.0,8.1,1
1,3.0,0,14,4.0,7.3,1
2,147.0,79,156,277.0,5.9,1
1,7.0,0,2,11.0,6.6,1
1,16.0,9,22,24.0,7.5,1
2,8.0,0,3,11.0,6.9,1
1,35.0,31,14,39.0,8.9,1
1,13.0,1,190,24.0,6.4,1
1,393.0,188,910,662.0,6.5,1
1,1.0,1,23,2.0,7.9,1
1,931.0,284,1327,1211.0,8.5,1
2,332.0,52,178,448.0,8.1,1
1,157.0,32,650,209.0,7.9,1
1,69.0,11,21,79.0,8.9,1
1,9.0,1,3,11.0,7.6,1
2,10.0,0,4,11.0,8.2,1
1,14.0,0,5,15.0,8.4,1
1,451.0,47,193,546.0,8.6,1
1,10.0,3,7,15.0,6.9,1
1,8.0,1,15,10.0,7.8,1
1,189.0,77,1231,252.0,8.3,1
1,265.0,62,95,344.0,8.1,1
1,7.0,1,55,8.0,7.7,1
2,90.0,15,49,113.0,8.2,1
1,93.0,23,45,124.0,7.7,1
2,13.0,8,15,30.0,5.9,1
1,8.0,3,13,9.0,7.6,1
1,11.0,10,15,26.0,5.4,1
1,9.0,5,26,19.0,5.9,1
1,285.0,93,451,399.0,7.5,1
1,1.0,0,1,1.0,7.7,1
1,80.0,31,585,109.0,8.2,1
1,267.0,28,353,324.0,8.5,1
1,21.0,5,27,27.0,7.4,1
1,55.0,16,23,74.0,7.8,1
1,75.0,43,119,119.0,7.3,1
1,72.0,34,32,106.0,6.9,1
2,2.0,7,15,11.0,4.9,1
1,2.0,0,4,2.0,7.2,1
1,294.0,19,382,347.0,8.8,1
1,252.0,87,1574,341.0,8.1,1
1,69.0,33,277,111.0,6.9,1
1,80.0,6,60,93.0,8.6,1
1,23.0,4,13,36.0,6.7,1
1,66.0,9,14,86.0,8.2,1
1,17.0,3,9,20.0,7.7,1
1,36.0,21,148,51.0,7.1,1
2,20.0,3,63,33.0,6.2,1
1,19.0,19,26,35.0,5.9,1
1,7.0,1,8,9.0,7.4,1
1,8.0,0,11,8.0,8.1,1
1,7.0,2,7,13.0,5.9,1
1,8.0,3,6,9.0,7.6,1
1,849.0,98,5195,971.0,9.4,1
1,655.0,202,4035,825.0,8.8,1
1,1017.0,338,1555,1298.0,9.3,1
2,81.0,15,362,88.0,8.6,1
2,313.0,123,689,405.0,8.9,1
1,55.0,31,353,71.0,7.9,1
2,1020.0,307,1361,1255.0,8.7,1
2,94.0,29,287,136.0,7.7,1
1,508.0,207,1383,734.0,7.9,1
1,31.0,22,342,43.0,7.5,1
1,3.0,3,20,8.0,6.3,1
1,40.0,5,104,57.0,7.1,1
1,209.0,43,1416,257.0,8.7,1
1,5.0,3,27,14.0,5.5,1
1,86.0,30,403,188.0,5.6,1
1,14.0,2,55,16.0,7.8,1
2,131.0,95,234,216.0,6.6,1
2,1.0,5,1,10.0,5.0,1
1,9.0,5,22,17.0,6.0,1
2,857.0,212,1287,1098.0,8.6,1
1,3.0,1,13,7.0,6.8,1
1,110.0,46,90,154.0,8.3,1
1,43.0,11,246,39.0,8.0,1
1,26.0,7,25,36.0,7.3,1
1,60.0,39,62,80.0,8.7,1
1,40.0,12,67,52.0,7.7,1
2,7.0,2,22,8.0,7.7,1
1,21.0,7,16,33.0,6.8,1
1,12.0,2,13,20.0,6.3,1
2,35.0,13,10,70.0,5.5,1
3,43.0,24,286,65.0,7.2,1
1,18.0,5,86,21.0,8.5,1
1,48.0,10,28,60.0,8.2,1
1,16.0,4,19,19.0,7.7,1
2,16.0,5,10,20.0,7.6,1
1,12.0,0,32,13.0,8.1,1
2,27.0,18,57,33.0,8.5,1
1,6.0,3,15,10.0,6.4,1
1,17.0,1,16,20.0,7.4,1
2,20.0,4,4,33.0,6.3,1
1,78.0,20,5,102.0,7.4,1
1,330.0,39,758,380.0,8.9,1
1,99.0,25,176,125.0,8.4,1
1,251.0,35,519,303.0,8.7,1
1,13.0,5,10,22.0,6.8,1
1,69.0,40,131,104.0,8.0,1
1,121.0,21,19,146.0,8.5,1
2,75.0,26,23,104.0,7.5,1
1,58.0,19,136,76.0,8.9,1
1,54.0,13,42,76.0,7.2,1
1,48.0,30,29,75.0,7.9,1
1,52.0,19,60,72.0,7.5,1
1,13.0,1,13,16.0,7.8,1
2,0.0,0,1,0.0,7.0,1
1,5.0,2,8,9.0,5.9,1
1,10.0,5,10,13.0,7.2,1
1,12.0,3,13,13.0,8.0,1
1,11.0,3,7,15.0,7.3,1
2,11.0,7,1,14.0,7.2,1
2,9.0,4,2,10.0,7.3,1
1,9.0,2,6,11.0,7.0,1
2,7.0,3,1,9.0,6.9,1
1,10.0,3,2,11.0,7.6,1
1,10.0,3,3,12.0,8.1,1
2,4.0,1,0,9.0,5.9,1
1,7.0,0,0,8.0,7.1,1
1,7.0,0,2,12.0,6.3,1
2,6.0,3,29,4.0,8.0,1
1,7.0,0,8,9.0,6.8,1
1,93.0,13,42,128.0,7.8,1
1,14.0,9,81,29.0,6.2,1
1,2.0,2,2,4.0,7.1,1
2,27.0,3,7,35.0,7.9,1
1,10.0,3,7,18.0,7.0,1
1,48.0,50,33,60.0,8.9,1
2,9.0,0,2,9.0,8.3,1
1,124.0,29,76,160.0,8.3,1
1,2.0,0,9,2.0,7.9,1
1,99.0,15,62,132.0,7.1,1
1,85.0,28,195,170.0,5.6,1
2,9.0,2,23,19.0,5.6,1
2,166.0,34,100,294.0,5.9,1
1,11.0,1,7,15.0,7.0,1
1,10.0,5,12,13.0,7.2,1
1,1.0,0,2,8.0,5.2,1
1,7.0,1,2,13.0,6.2,1
3,330.0,56,1530,416.0,8.4,1
1,7.0,4,4,13.0,6.0,1
2,47.0,15,20,62.0,7.8,1
1,14.0,5,7,18.0,7.0,1
1,123.0,38,817,150.0,9.0,1
1,26.0,9,36,29.0,8.7,1
1,14.0,0,1,19.0,7.5,1
1,73.0,3,46,84.0,8.7,1
1,10.0,2,9,12.0,7.8,1
1,24.0,3,35,37.0,6.7,1
1,26.0,8,13,36.0,7.4,1
1,33.0,1,23,46.0,7.3,1
1,73.0,6,21,98.0,7.4,1
1,8.0,1,9,10.0,7.2,1
1,6.0,3,15,12.0,6.0,1
1,38.0,3,18,53.0,7.0,1
1,123.0,17,69,154.0,8.4,1
1,112.0,10,35,151.0,8.2,1
1,38.0,6,16,57.0,7.1,1
1,6.0,0,7,9.0,7.0,1
1,759.0,74,2291,852.0,9.3,1
1,148.0,11,256,184.0,8.5,1
1,620.0,126,2170,749.0,8.9,1
1,644.0,231,1597,853.0,8.7,1
3,564.0,175,846,780.0,8.3,1
1,142.0,12,656,160.0,9.0,1
1,41.0,7,28,48.0,9.0,1
1,13.0,4,30,15.0,8.6,1
1,104.0,31,411,159.0,7.0,1
1,13.0,2,26,16.0,7.9,1
2,1599.0,540,7699,2285.0,8.6,1
1,4.0,2,67,20.0,6.6,1
1,1208.0,220,4702,1562.0,8.2,1
1,9.0,3,58,11.0,7.6,1
1,1.0,2,2,1.0,8.1,1
1,56.0,43,119,103.0,5.7,1
1,115.0,56,197,197.0,6.5,1
1,478.0,59,2235,583.0,8.9,1
1,15.0,3,35,17.0,8.0,1
2,4.0,3,13,9.0,7.3,1
2,27.0,8,7,36.0,7.0,1
3,4585.0,1253,12657,5669.0,9.1,1
3,3650.0,963,9744,4851.0,8.5,1
1,103.0,25,421,97.0,9.0,1
1,319.0,57,431,427.0,8.3,1
3,1465.0,665,3672,2077.0,8.6,1
2,887.0,212,1064,1164.0,8.1,1
2,947.0,376,2049,1422.0,8.1,1
1,232.0,38,1135,287.0,8.3,1
1,786.0,113,1289,900.0,9.2,1
2,641.0,99,1637,822.0,8.5,1
2,952.0,394,2256,1301.0,8.4,1
1,362.0,102,884,506.0,8.0,1
1,589.0,283,2338,1025.0,6.5,1
1,19.0,2,112,19.0,8.4,1
2,652.0,236,627,919.0,8.1,1
1,19.0,1,83,23.0,8.1,1
1,183.0,89,468,239.0,8.9,1
1,94.0,21,133,108.0,9.3,1
3,138.0,61,1028,209.0,7.5,1
2,123.0,46,171,169.0,8.0,1
2,177.0,79,173,252.0,7.4,1
2,377.0,510,280,584.0,8.1,1
1,108.0,55,187,146.0,8.3,1
1,32.0,6,33,46.0,7.1,1
1,178.0,30,2745,0.0,8.8,1
1,603.0,172,639,789.0,7.9,1
1,112.0,31,61,139.0,8.6,1
1,1706.0,491,4576,2177.0,8.9,1
2,48.0,31,346,71.0,7.8,1
2,209.0,86,664,383.0,7.8,1
1,1475.0,132,5059,1685.0,9.1,1
1,1702.0,519,5971,2346.0,8.2,1
2,601.0,268,1274,1009.0,7.2,1
1,836.0,331,1537,1321.0,7.4,1
1,290.0,85,739,400.0,8.2,1
1,339.0,91,758,473.0,8.1,1
1,353.0,151,2516,648.0,6.5,1
2,555.0,264,969,894.0,7.2,1
2,1066.0,436,1650,1668.0,7.2,1
2,219.0,114,1225,344.0,6.9,1
1,57.0,7,64,68.0,8.8,1
1,81.0,25,189,105.0,8.4,1
1,149.0,50,365,202.0,8.1,1
1,515.0,72,4711,577.0,9.2,1
2,638.0,161,2969,760.0,9.3,1
1,722.0,123,4827,926.0,8.4,1
1,225.0,20,874,255.0,9.1,1
1,471.0,214,2338,838.0,6.5,1
1,383.0,125,1874,495.0,8.8,1
2,529.0,279,3171,952.0,6.5,1
1,50.0,37,301,55.0,8.8,1
4,96.0,36,633,134.0,8.3,1
2,121.0,83,786,230.0,6.5,1
1,178.0,99,743,319.0,6.1,1
1,9.0,3,30,15.0,8.0,1
1,19.0,8,76,23.0,8.7,1
1,0.0,1,5,1.0,8.1,1
3,7.0,4,70,17.0,5.7,1
1,91.0,52,184,137.0,7.7,1
1,25.0,13,51,38.0,7.7,1
2,5.0,4,35,11.0,6.0,1
1,1.0,1,4,1.0,7.5,1
2,20.0,5,52,31.0,6.8,1
1,761.0,84,3660,914.0,8.9,1
1,1199.0,332,5828,1708.0,8.0,1
1,176.0,41,1750,243.0,7.9,1
1,381.0,128,1954,489.0,8.7,1
1,127.0,16,223,147.0,8.9,1
1,12.0,1,56,13.0,8.1,1
1,194.0,30,118,256.0,7.9,1
1,161.0,61,618,227.0,7.8,1
1,201.0,34,82,267.0,7.5,1
2,16.0,13,28,31.0,7.1,1
1,0.0,1,0,1.0,6.5,1
1,22.0,5,8,35.0,5.9,1
2,10.0,11,90,15.0,6.8,1
1,9.0,3,4,14.0,6.8,1
1,3.0,1,0,3.0,7.6,1
1,184.0,16,93,272.0,7.6,1
1,507.0,60,681,648.0,8.1,1
1,21.0,4,4,24.0,8.1,1
1,0.0,0,0,0.0,6.3,1
1,15.0,3,16,20.0,6.8,1
1,12.0,3,10,15.0,7.5,1
1,39.0,12,7,42.0,8.5,1
1,1069.0,233,8247,1213.0,9.4,1
1,175.0,46,428,226.0,8.5,1
1,380.0,32,421,448.0,8.9,1
1,106.0,38,77,155.0,7.9,1
1,8.0,0,13,9.0,7.8,1
1,1.0,0,1,2.0,7.5,1
1,24.0,8,71,34.0,6.9,1
1,24.0,6,6,35.0,6.3,1
1,16.0,6,7,19.0,7.7,1
1,164.0,24,254,210.0,8.3,1
2,663.0,253,487,829.0,8.9,1
3,396.0,210,420,632.0,7.1,1
2,98.0,27,92,132.0,7.7,1
1,53.0,9,57,67.0,8.4,1
1,141.0,48,76,195.0,7.7,1
1,21.0,8,44,32.0,7.0,1
1,87.0,49,65,124.0,8.2,1
2,21.0,6,12,31.0,6.7,1
1,16.0,6,5,23.0,7.8,1
2,6.0,1,10,9.0,7.0,1
2,7.0,6,11,11.0,7.0,1
1,986.0,237,509,1216.0,8.9,1
2,37.0,9,63,51.0,7.7,1
2,121.0,28,62,157.0,7.6,1
1,86.0,29,83,102.0,8.3,1
1,24.0,13,60,37.0,7.6,1
1,29.0,10,46,38.0,7.2,1
2,99.0,28,26,127.0,7.7,1
1,14.0,26,45,18.0,7.6,1
1,345.0,49,2692,399.0,9.2,1
2,238.0,71,118,301.0,8.1,1
1,9.0,6,19,13.0,7.3,1
1,23.0,6,42,33.0,7.1,1
2,20.0,9,59,32.0,6.5,1
2,62.0,28,160,88.0,7.7,1
1,11.0,2,7,21.0,5.7,1
1,23.0,40,37,34.0,8.2,1
1,8.0,1,4,12.0,6.5,1
1,11.0,13,7,18.0,6.8,1
1,2.0,0,5,2.0,7.4,1
1,520.0,149,353,647.0,8.7,1
1,170.0,21,68,219.0,8.3,1
1,8.0,0,53,12.0,7.0,1
1,17.0,0,15,20.0,7.8,1
2,11.0,11,11,27.0,5.1,1
1,112.0,30,728,143.0,8.4,1
1,82.0,41,90,113.0,7.8,1
1,9.0,1,15,13.0,7.5,1
1,1697.0,529,5502,2190.0,8.6,1
1,19.0,3,3,25.0,7.6,1
1,30.0,15,51,48.0,6.1,1
1,48.0,23,208,35.0,9.2,1
1,16.0,0,11,20.0,7.5,1
1,15.0,1,0,16.0,8.2,1
1,4.0,3,7,8.0,5.9,1
1,596.0,43,382,827.0,8.2,1
1,569.0,215,2777,1006.0,6.3,1
2,405.0,144,347,608.0,7.3,1
1,108.0,8,67,120.0,9.2,1
2,1441.0,280,995,1897.0,8.3,1
1,51.0,11,144,68.0,7.9,1
2,181.0,78,68,257.0,7.7,1
1,113.0,32,86,183.0,6.8,1
1,38.0,34,157,79.0,5.6,1
1,292.0,127,71,372.0,8.3,1
2,25.0,10,31,41.0,6.1,1
2,16.0,6,3,25.0,6.3,1
1,13.0,3,8,19.0,6.2,1
1,11.0,6,14,20.0,6.5,1
1,768.0,118,812,917.0,9.0,1
2,335.0,109,448,486.0,7.4,1
1,10.0,0,10,12.0,7.5,1
3,11.0,1,13,14.0,7.0,1
1,80.0,56,89,114.0,7.2,1
1,70.0,12,65,107.0,7.1,1
2,13.0,7,16,20.0,6.3,1
2,112.0,26,42,142.0,8.2,1
1,9.0,1,8,9.0,7.8,1
1,23.0,3,9,32.0,7.3,1
1,25.0,4,14,44.0,5.8,1
1,9.0,3,7,12.0,7.4,1
2,12.0,4,51,14.0,7.8,1
2,67.0,18,213,84.0,8.6,1
1,37.0,15,480,35.0,8.3,1
1,206.0,38,167,262.0,8.2,1
1,6.0,2,13,9.0,6.8,1
1,279.0,30,203,407.0,7.6,1
2,249.0,43,116,301.0,8.9,1
1,82.0,54,436,119.0,7.6,1
2,110.0,20,49,139.0,8.2,1
1,268.0,74,88,368.0,8.0,1
1,73.0,12,23,87.0,8.2,1
1,33.0,13,6,56.0,6.9,1
2,6.0,5,12,8.0,7.7,1
3,7.0,4,7,11.0,6.6,1
2,15.0,8,27,31.0,5.4,1
1,23.0,3,11,26.0,8.3,1
1,13.0,2,4,17.0,7.0,1
2,20.0,5,10,22.0,8.5,1
2,174.0,61,44,226.0,8.4,1
1,30.0,6,4,36.0,8.1,1
1,125.0,16,70,142.0,9.1,1
1,31.0,12,110,45.0,7.2,1
1,17.0,2,8,18.0,8.3,1
1,12.0,3,38,20.0,6.9,1
1,179.0,34,85,241.0,8.0,1
1,11.0,5,11,17.0,7.2,1
1,10.0,4,8,17.0,6.3,1
1,55.0,7,6,77.0,7.3,1
2,24.0,2,3,36.0,6.6,1
1,12.0,0,44,12.0,8.1,1
1,6.0,1,5,8.0,6.7,1
2,8.0,1,33,8.0,8.3,1
1,2.0,0,0,3.0,7.3,1
1,352.0,64,587,442.0,8.7,1
1,59.0,10,32,91.0,7.3,1
1,9.0,1,9,14.0,8.0,1
1,14.0,2,14,20.0,6.5,1
1,9.0,3,8,13.0,6.9,1
1,10.0,1,28,11.0,8.1,1
1,46.0,11,58,59.0,8.1,1
1,172.0,77,53,217.0,8.9,1
1,14.0,0,31,19.0,7.5,1
1,13.0,0,35,15.0,7.7,1
1,21.0,2,7,34.0,6.2,1
2,4.0,4,6,8.0,6.2,1
1,62.0,5,218,71.0,8.8,1
1,41.0,5,60,66.0,6.8,1
2,12.0,2,19,16.0,7.8,1
1,22.0,2,89,28.0,7.6,1
1,10.0,4,12,15.0,7.1,1
1,1.0,2,11,3.0,7.2,1
2,22.0,13,10,35.0,6.4,1
1,6.0,0,8,8.0,6.7,1
1,64.0,20,90,137.0,5.6,1
1,39.0,7,13,54.0,7.7,1
1,4.0,1,5,4.0,7.2,1
1,89.0,14,48,132.0,7.2,1
1,20.0,7,19,30.0,7.1,1
1,11.0,0,18,14.0,7.4,1
1,165.0,22,444,194.0,8.8,1
1,47.0,2,93,61.0,7.5,1
1,7.0,2,38,11.0,7.0,1
1,16.0,3,5,19.0,7.4,1
1,3.0,2,6,9.0,5.1,1
1,3.0,0,7,4.0,7.5,1
2,127.0,22,147,195.0,7.0,1
1,12.0,8,37,24.0,5.6,1
1,2.0,4,0,2.0,7.0,1
1,13.0,0,36,15.0,7.7,1
3,15.0,4,17,20.0,7.5,1
1,12.0,5,12,15.0,8.0,1
1,11.0,4,5,15.0,7.3,1
1,12.0,7,17,20.0,6.4,1
1,1060.0,106,2091,1242.0,8.9,1
2,158.0,12,533,189.0,8.4,1
1,9.0,1,26,12.0,7.2,1
2,33.0,4,104,39.0,8.1,1
1,8.0,0,47,10.0,7.4,1
1,25.0,3,44,34.0,8.3,1
1,5.0,3,6,8.0,7.1,1
1,26.0,19,13,41.0,6.8,1
1,4.0,3,5,9.0,7.5,1
1,8.0,5,24,9.0,7.9,1
1,16.0,1,38,16.0,8.5,1
1,13.0,7,65,13.0,8.6,1
1,38.0,12,187,41.0,7.8,1
1,216.0,32,547,267.0,8.7,1
1,87.0,14,120,101.0,8.8,1
1,6.0,4,9,8.0,7.7,1
1,1344.0,208,11727,1760.0,8.5,1
1,6087.0,1354,15365,7528.0,9.1,1
2,547.0,129,3238,691.0,8.6,1
1,863.0,196,5990,1065.0,8.8,1
2,2019.0,513,9456,2783.0,8.4,1
1,119.0,22,1244,156.0,7.9,1
1,103.0,35,823,116.0,8.3,1
1,120.0,41,490,164.0,8.1,1
2,211.0,70,992,295.0,8.4,1
1,58.0,4,106,68.0,8.7,1
1,36.0,6,49,49.0,7.7,1
1,14.0,2,20,16.0,8.2,1
3,11.0,13,98,15.0,7.5,1
1,86.0,43,271,107.0,8.9,1
1,4785.0,763,18491,5693.0,9.1,1
1,765.0,245,4384,1047.0,8.1,1
1,1558.0,205,8429,1994.0,8.4,1
1,952.0,130,6300,1155.0,8.8,1
1,1820.0,299,6852,2359.0,8.4,1
1,411.0,90,3063,522.0,8.5,1
2,158.0,54,1341,200.0,8.5,1
2,851.0,322,3251,1200.0,8.3,1
2,1942.0,851,3311,3084.0,8.7,1
1,192.0,91,2268,318.0,7.0,1
1,1046.0,271,4251,1411.0,8.2,1
1,483.0,225,3023,666.0,8.5,1
1,213.0,59,1080,292.0,8.0,1
1,101.0,39,446,136.0,8.3,1
1,384.0,97,921,510.0,8.3,1
2,192.0,48,1066,266.0,7.7,1
1,260.0,102,1707,440.0,6.6,1
1,69.0,23,356,95.0,7.8,1
1,135.0,34,352,175.0,8.4,1
1,7.0,1,160,10.0,7.3,1
1,363.0,46,653,447.0,8.4,1
1,75.0,16,304,115.0,7.0,1
1,48.0,17,343,70.0,7.7,1
1,38.0,11,448,48.0,7.7,1
1,161.0,59,728,225.0,8.1,1
1,92.0,53,484,162.0,6.4,1
1,103.0,11,107,108.0,9.4,1
1,19.0,3,158,31.0,6.4,1
1,16.0,3,55,22.0,7.3,1
1,139.0,34,468,195.0,7.6,1
1,15.0,7,79,18.0,8.2,1
1,2.0,3,129,11.0,7.7,1
1,527.0,119,3240,682.0,8.1,1
1,13.0,2,47,17.0,8.6,1
1,685.0,84,4594,831.0,8.4,1
1,146.0,44,486,256.0,5.8,1
1,77.0,15,561,109.0,7.0,1
1,7.0,1,15,8.0,7.3,1
2,1.0,2,45,11.0,6.1,1
4,29.0,12,60,57.0,5.4,1
1,35.0,6,152,51.0,6.5,1
1,1.0,0,5,1.0,8.3,1
1,350.0,174,921,512.0,7.9,1
2,24.0,11,88,52.0,6.2,1
1,6.0,0,5,9.0,6.9,1
1,13.0,10,23,18.0,6.9,1
1,8.0,2,24,11.0,6.7,1
2,813.0,203,392,1008.0,8.8,1
1,36.0,8,282,35.0,8.5,1
1,334.0,67,67,411.0,8.9,1
1,128.0,10,27,156.0,8.7,1
1,104.0,20,37,128.0,8.4,1
1,278.0,59,73,400.0,7.4,1
1,10.0,2,3,13.0,7.8,1
1,34.0,20,18,49.0,7.5,1
1,150.0,18,59,181.0,8.5,1
1,27.0,4,6,41.0,6.5,1
1,19.0,2,17,25.0,7.3,1
1,7.0,4,1,9.0,7.6,1
1,2.0,0,0,4.0,6.4,1
2,81.0,22,36,114.0,7.4,1
1,319.0,27,257,379.0,8.8,1
1,2143.0,735,878,2805.0,8.4,1
1,331.0,125,132,408.0,8.8,1
1,13.0,5,28,16.0,7.9,1
1,118.0,8,60,141.0,8.8,1
3,65.0,13,56,89.0,7.7,1
2,24.0,7,29,29.0,8.0,1
2,389.0,71,126,458.0,8.9,1
1,5.0,0,10,8.0,6.8,1
1,15.0,6,10,23.0,7.4,1
1,11.0,5,14,23.0,6.2,1
2,7.0,6,9,8.0,8.0,1
1,36.0,10,18,59.0,7.0,1
1,25.0,10,17,36.0,6.7,1
3,114.0,26,129,139.0,9.0,1
1,258.0,66,276,312.0,8.9,1
3,214.0,67,97,266.0,8.8,1
2,45.0,15,28,74.0,6.7,1
1,52.0,7,35,70.0,8.0,1
3,26.0,12,15,35.0,7.4,1
1,5.0,1,20,9.0,6.3,1
1,6.0,4,4,8.0,7.5,1
1,723.0,279,504,972.0,8.5,1
2,588.0,145,324,749.0,8.5,1
2,946.0,189,625,1129.0,9.0,1
2,234.0,42,116,316.0,8.0,1
1,124.0,22,117,163.0,8.1,1
1,25.0,7,19,39.0,6.9,1
1,56.0,38,100,89.0,7.2,1
1,22.0,2,9,26.0,8.3,1
2,37.0,3,12,50.0,7.6,1
1,10.0,2,42,13.0,7.6,1
1,17.0,3,61,20.0,8.1,1
1,13.0,9,232,11.0,7.7,1
2,34.0,55,103,51.0,6.4,1
1,454.0,71,131,559.0,8.4,1
1,369.0,48,217,428.0,9.0,1
1,333.0,52,409,391.0,8.9,1
1,346.0,94,232,434.0,8.5,1
1,188.0,10,49,223.0,8.9,1
1,168.0,6,169,202.0,8.4,1
2,101.0,12,36,133.0,8.1,1
1,7.0,3,2,11.0,7.5,1
1,7.0,1,11,10.0,6.8,1
1,10.0,1,5,17.0,6.7,1
1,11.0,2,13,18.0,6.3,1
1,22.0,1,100,28.0,7.3,1
2,12.0,0,19,16.0,7.1,1
1,1094.0,175,8006,1323.0,8.8,1
1,17.0,5,65,24.0,7.6,1
1,14.0,2,35,17.0,7.7,1
1,7.0,5,7,15.0,5.4,1
1,21.0,8,27,35.0,6.1,1
1,49.0,16,91,66.0,7.8,1
2,697.0,233,191,944.0,7.9,1
1,26.0,4,11,33.0,8.2,1
1,197.0,91,91,260.0,8.0,1
1,523.0,41,616,630.0,8.8,1
2,250.0,82,490,315.0,8.8,1
1,254.0,19,338,301.0,8.8,1
1,28.0,12,336,26.0,9.1,1
1,421.0,171,209,562.0,8.7,1
1,28.0,16,66,34.0,8.2,1
1,12.0,8,36,13.0,7.8,1
1,36.0,1,66,42.0,8.3,1
2,660.0,259,266,986.0,7.9,1
1,202.0,94,354,282.0,7.6,1
1,301.0,80,150,385.0,8.4,1
1,24.0,7,35,29.0,8.1,1
1,7.0,3,22,9.0,7.0,1
1,14.0,6,23,18.0,7.9,1
1,25.0,6,18,43.0,6.6,1
1,168.0,77,369,241.0,7.6,1
1,12.0,5,11,15.0,8.1,1
1,46.0,24,40,61.0,8.1,1
1,18.0,9,18,30.0,6.7,1
2,5.0,1,16,4.0,7.8,1
1,24.0,7,26,32.0,7.9,1
1,102.0,44,78,152.0,7.4,1
1,14.0,0,8,15.0,8.2,1
1,21.0,8,20,37.0,6.0,1
1,5.0,7,11,8.0,7.0,1
1,1552.0,406,10882,2191.0,8.2,1
1,289.0,85,2581,343.0,8.9,1
1,42.0,8,165,46.0,8.5,1
1,256.0,51,2252,329.0,8.2,1
1,158.0,47,1447,184.0,8.6,1
1,165.0,37,928,190.0,8.4,1
1,472.0,119,1511,565.0,9.2,1
1,90.0,42,515,139.0,7.3,1
1,551.0,156,646,722.0,8.5,1
1,222.0,37,402,262.0,8.9,1
2,35.0,20,171,54.0,7.2,1
2,448.0,47,117,556.0,8.7,1
1,385.0,193,2415,536.0,8.0,1
1,35.0,3,32,44.0,8.1,1
2,5.0,7,44,22.0,5.5,1
1,178.0,24,54,269.0,7.0,1
1,68.0,17,104,100.0,6.9,1
1,26.0,3,20,32.0,7.8,1
2,31.0,7,30,43.0,7.8,1
1,11.0,12,33,21.0,6.4,1
2,34.0,17,57,39.0,8.3,1
1,12.0,6,38,23.0,5.9,1
1,15.0,4,13,25.0,6.4,1
1,126.0,25,31,160.0,8.2,1
2,24.0,7,12,41.0,6.2,1
1,42.0,15,32,52.0,7.6,1
2,1228.0,224,940,1484.0,8.9,1
1,17.0,3,27,26.0,6.7,1
1,23.0,4,45,25.0,8.8,1
1,515.0,109,320,569.0,8.6,1
1,108.0,11,67,160.0,7.2,1
1,326.0,126,966,437.0,8.5,1
2,118.0,53,155,222.0,5.9,1
1,70.0,41,215,111.0,6.8,1
1,123.0,23,45,164.0,7.8,1
1,7.0,3,45,10.0,7.4,1
1,101.0,16,141,135.0,7.7,1
2,8.0,6,17,18.0,5.4,1
1,1.0,0,3,2.0,7.1,1
1,33.0,9,156,42.0,8.2,1
1,10.0,3,3,11.0,8.0,1
2,633.0,237,546,956.0,7.6,1
1,20.0,1,7,23.0,8.3,1
1,8.0,3,19,10.0,7.6,1
2,35.0,19,47,53.0,7.1,1
2,12.0,2,13,14.0,7.9,1
1,28.0,10,11,36.0,7.8,1
1,52.0,4,19,63.0,8.6,1
1,44.0,10,18,63.0,7.2,1
2,125.0,29,70,158.0,8.4,1
2,33.0,5,21,47.0,7.6,1
2,5.0,0,1,9.0,6.3,1
1,25.0,3,8,37.0,7.0,1
1,10.0,6,10,13.0,6.9,1
1,295.0,121,131,410.0,7.8,1
1,14.0,1,3,16.0,8.1,1
1,18.0,1,20,21.0,8.4,1
1,228.0,39,113,306.0,7.8,1
1,18.0,0,5,21.0,8.0,1
1,14.0,6,22,22.0,5.8,1
1,11.0,11,11,14.0,7.0,1
1,17.0,0,4,21.0,7.7,1
1,24.0,12,8,32.0,6.8,1
1,36.0,8,2,46.0,7.3,1
2,9.0,0,8,14.0,6.8,1
1,39.0,6,13,48.0,8.1,1
1,81.0,11,14,98.0,8.6,1
2,66.0,17,43,92.0,7.5,1
1,9.0,1,4,10.0,8.2,1
2,8.0,4,8,13.0,6.5,1
1,59.0,14,24,80.0,7.8,1
2,9.0,2,31,15.0,6.4,1
1,15.0,7,9,20.0,7.1,1
1,342.0,27,415,403.0,8.9,1
1,25.0,6,30,32.0,7.7,1
1,3.0,1,0,4.0,7.5,1
1,2.0,1,5,6.0,5.9,1
1,147.0,14,239,185.0,8.0,1
1,12.0,1,34,20.0,6.2,1
1,12.0,0,7,14.0,7.8,1
1,179.0,12,70,220.0,8.3,1
1,1.0,0,8,2.0,7.2,1
2,4.0,1,4,8.0,5.7,1
1,6.0,3,10,8.0,7.3,1
1,155.0,42,1357,180.0,8.6,1
1,380.0,60,2231,458.0,8.7,1
1,807.0,319,2910,1071.0,8.8,1
1,1005.0,331,4203,1413.0,8.1,1
1,365.0,44,593,420.0,9.2,1
1,763.0,162,3187,1085.0,7.6,1
1,47.0,4,201,52.0,8.2,1
1,28.0,1,102,33.0,8.0,1
1,9.0,0,2,9.0,8.2,1
1,304.0,55,1884,439.0,7.0,1
4,22.0,2,227,31.0,6.7,1
1,18.0,4,161,25.0,6.9,1
1,34.0,16,17,45.0,8.1,1
1,550.0,118,5594,834.0,7.3,1
3,228.0,69,984,349.0,7.6,1
1,446.0,218,1538,637.0,8.3,1
1,196.0,34,1391,240.0,8.6,1
1,43.0,3,175,48.0,8.7,1
1,222.0,23,593,281.0,8.4,1
1,6.0,2,49,6.0,7.8,1
1,51.0,0,47,54.0,9.1,1
1,43.0,7,64,56.0,8.0,1
1,156.0,97,573,289.0,6.8,1
1,17.0,2,51,17.0,8.7,1
1,26.0,11,39,42.0,7.6,1
1,7.0,1,32,9.0,7.8,1
1,26.0,13,115,43.0,7.2,1
1,107.0,21,197,132.0,8.4,1
1,20.0,6,24,32.0,6.5,1
1,9.0,3,6,11.0,7.7,1
1,7.0,3,10,10.0,7.7,1
1,0.0,0,2,1.0,7.2,1
1,9.0,1,6,9.0,8.0,1
2,9.0,1,17,10.0,8.1,1
2,11.0,2,26,15.0,6.9,1
1,85.0,12,173,133.0,6.5,1
1,27.0,13,47,44.0,6.8,1
1,45.0,15,374,68.0,7.1,1
2,14.0,1,121,20.0,7.3,1
1,23.0,14,220,43.0,5.9,1
1,17.0,8,79,23.0,7.0,1
2,9.0,1,41,10.0,7.8,1
2,11.0,2,64,14.0,8.3,1
1,20.0,4,47,34.0,6.1,1
2,10.0,13,43,24.0,8.7,1
1,20.0,10,42,39.0,6.1,1
1,1.0,1,0,1.0,6.8,1
2,10.0,3,41,14.0,6.9,1
2,14.0,7,103,21.0,6.5,1
1,71.0,26,249,105.0,6.7,1
1,288.0,29,1589,355.0,8.0,1
1,3.0,6,10,15.0,4.8,1
1,64.0,21,246,106.0,6.5,1
2,10.0,4,28,21.0,6.5,1
1,65.0,15,71,89.0,7.6,1
1,21.0,4,15,27.0,8.0,1
1,8.0,1,7,12.0,7.4,1
1,10.0,9,13,14.0,7.0,1
2,16.0,10,11,23.0,7.4,1
1,19.0,9,29,27.0,7.3,1
1,113.0,24,70,140.0,8.5,1
2,9.0,1,6,13.0,6.7,1
1,36.0,10,9,43.0,8.2,1
1,149.0,61,1164,160.0,9.3,1
1,241.0,17,122,316.0,8.2,1
2,915.0,274,1401,1202.0,8.3,1
1,36.0,12,47,63.0,6.6,1
1,353.0,38,474,416.0,8.9,1
1,38.0,6,11,60.0,6.8,1
1,99.0,19,45,139.0,7.7,1
2,95.0,16,70,123.0,8.0,1
1,56.0,7,192,73.0,8.2,1
1,734.0,265,1448,975.0,8.2,1
2,75.0,4,117,96.0,8.2,1
2,256.0,100,229,423.0,6.6,1
1,57.0,20,26,74.0,8.4,1
1,38.0,7,20,48.0,7.6,1
1,81.0,11,27,116.0,7.2,1
1,21.0,2,3,34.0,6.7,1
2,10.0,3,17,17.0,6.3,1
1,19.0,5,14,21.0,8.2,1
1,71.0,20,29,112.0,6.3,1
2,2.0,2,3,4.0,6.8,1
2,23.0,14,25,35.0,7.4,1
1,14.0,1,15,19.0,7.7,1
2,66.0,7,28,101.0,6.9,1
1,102.0,24,52,149.0,7.4,1
1,22.0,1,9,28.0,7.9,1
2,52.0,31,67,76.0,7.2,1
1,17.0,6,26,24.0,7.1,1
1,56.0,28,100,81.0,7.7,1
1,23.0,7,15,33.0,6.8,1
2,13.0,7,5,22.0,6.2,1
1,147.0,27,23,195.0,8.2,1
1,53.0,14,7,70.0,7.9,1
2,35.0,9,4,50.0,7.4,1
2,97.0,25,67,135.0,7.2,1
2,11.0,7,25,19.0,6.1,1
1,14.0,19,16,22.0,7.1,1
2,6.0,0,0,9.0,6.6,1
1,8.0,2,8,9.0,7.6,1
1,11.0,7,10,14.0,7.2,1
1,115.0,20,1300,130.0,8.9,1
1,432.0,54,346,605.0,8.1,1
1,565.0,254,973,720.0,9.4,1
1,289.0,79,2401,373.0,8.7,1
1,305.0,130,1780,447.0,7.6,1
2,276.0,136,158,416.0,7.9,1
1,136.0,28,86,207.0,7.1,1
1,15.0,5,142,25.0,6.3,1
2,27.0,7,6,40.0,6.9,1
1,11.0,5,61,13.0,8.0,1
1,9.0,2,8,13.0,6.3,1
1,6.0,8,13,10.0,5.9,1
1,40.0,8,97,61.0,6.9,1
1,7.0,0,4,8.0,7.4,1
1,576.0,240,378,806.0,7.9,1
1,107.0,15,45,131.0,8.6,1
1,114.0,27,50,146.0,8.3,1
1,799.0,151,246,1013.0,8.6,1
2,42.0,10,54,50.0,8.1,1
1,6.0,6,88,13.0,6.1,1
1,64.0,22,115,81.0,8.6,1
1,39.0,13,214,65.0,6.5,1
2,62.0,15,32,90.0,7.1,1
1,144.0,11,47,162.0,9.1,1
1,499.0,70,2598,570.0,9.1,1
1,390.0,126,2115,572.0,7.7,1
1,26.0,9,68,30.0,7.7,1
1,21.0,19,163,26.0,7.8,1
1,300.0,41,166,191.0,8.6,1
1,1145.0,316,4808,1485.0,8.7,1
1,428.0,111,1783,559.0,8.6,1
1,270.0,50,1013,357.0,8.1,1
1,6.0,1,73,6.0,7.6,1
1,290.0,84,721,393.0,8.0,1
1,87.0,38,182,115.0,8.7,1
1,15.0,5,68,18.0,8.6,1
1,80.0,11,109,77.0,8.5,1
1,1800.0,580,9644,2298.0,9.1,1
1,45.0,15,121,57.0,8.0,1
1,7.0,0,8,8.0,7.7,1
1,75.0,32,115,104.0,8.6,1
2,22.0,10,22,33.0,6.5,1
1,12.0,3,1,17.0,7.4,1
1,48.0,25,536,86.0,6.2,1
1,27.0,8,23,33.0,7.9,1
1,48.0,11,26,79.0,6.2,1
1,50.0,3,211,70.0,7.2,1
1,2168.0,559,11850,2715.0,8.9,1
2,505.0,218,356,762.0,7.4,1
1,2.0,0,0,2.0,6.4,1
1,8.0,2,6,8.0,7.8,1
1,12.0,9,25,29.0,5.5,1
1,952.0,160,7925,1190.0,8.6,1
1,219.0,16,1228,238.0,9.3,1
2,49.0,17,467,66.0,7.6,1
1,73.0,23,271,78.0,8.7,1
1,134.0,24,663,154.0,9.4,1
1,269.0,48,74,348.0,8.3,1
3,6.0,3,45,8.0,7.6,1
2,33.0,3,47,33.0,8.8,1
2,149.0,76,379,198.0,8.1,1
1,115.0,16,26,133.0,8.7,1
1,158.0,48,75,204.0,8.1,1
1,59.0,9,24,78.0,7.7,1
1,51.0,12,60,71.0,7.5,1
2,50.0,8,20,72.0,7.1,1
1,12.0,6,51,19.0,6.4,1
2,14.0,10,18,18.0,7.3,1
1,448.0,142,285,703.0,6.5,1
1,9.0,2,70,13.0,6.9,1
2,1157.0,420,2391,1448.0,9.0,1
2,3702.0,566,2596,2390.0,8.0,1
2,588.0,180,626,882.0,7.5,1
1,61.0,12,37,78.0,8.0,1
2,8.0,7,15,12.0,6.7,1
1,232.0,52,68,329.0,7.6,1
1,224.0,52,44,291.0,8.4,1
1,8.0,2,9,10.0,7.9,1
2,20.0,8,11,30.0,7.1,1
2,101.0,46,63,167.0,6.3,1
1,13.0,5,12,19.0,6.8,1
1,35.0,9,22,54.0,7.0,1
3,10.0,5,7,13.0,7.1,1
1,17.0,3,21,22.0,7.5,1
1,4.0,8,8,10.0,5.4,1
2,205.0,53,55,255.0,8.7,1
1,89.0,46,575,118.0,7.9,1
1,65.0,3,24,75.0,8.6,1
1,10.0,1,3,22.0,5.9,1
1,32.0,3,9,48.0,6.9,1
2,7.0,2,2,12.0,7.0,1
1,22.0,4,11,35.0,6.5,1
1,160.0,14,117,237.0,7.5,1
2,194.0,73,141,240.0,8.7,1
1,170.0,6,47,207.0,8.6,1
1,22.0,6,15,37.0,6.5,1
2,23.0,21,31,48.0,6.1,1
1,36.0,17,21,63.0,6.5,1
1,15.0,0,4,24.0,6.5,1
1,2.0,0,1,4.0,6.5,1
1,5.0,2,5,8.0,6.6,1
1,8.0,2,3,12.0,7.1,1
1,43.0,7,38,60.0,7.6,1
2,17.0,4,28,29.0,6.6,1
1,9.0,1,12,16.0,6.6,1
1,4.0,1,13,6.0,7.1,1
1,12.0,2,31,13.0,8.1,1
1,5.0,3,11,12.0,5.8,1
1,229.0,11,193,269.0,8.8,1
1,123.0,44,142,159.0,8.2,1
1,26.0,3,19,39.0,7.0,1
2,33.0,11,72,43.0,7.9,1
1,15.0,2,4,17.0,8.3,1
1,18.0,5,112,22.0,7.8,1
1,11.0,0,12,17.0,6.5,1
1,22.0,2,49,26.0,8.0,1
1,6.0,3,19,10.0,6.7,1
1,4.0,1,0,8.0,7.1,1
1,4.0,0,3,9.0,5.4,1
1,875.0,94,6873,959.0,9.4,1
1,129.0,56,1310,169.0,8.1,1
1,13.0,2,285,13.0,8.9,1
1,48.0,8,170,45.0,9.0,1
1,43.0,18,114,52.0,6.9,1
1,42.0,12,426,57.0,7.9,1
1,12.0,6,36,14.0,7.8,1
2,9.0,2,25,13.0,7.4,1
1,54.0,15,143,66.0,8.4,1
1,491.0,123,2740,563.0,8.8,1
1,55.0,17,456,53.0,9.2,1
1,53.0,15,102,71.0,8.1,1
2,9.0,0,28,8.0,8.0,1
1,9.0,2,13,11.0,8.5,1
1,207.0,50,1752,311.0,6.2,1
1,10.0,2,15,13.0,7.4,1
1,5.0,1,5,9.0,6.0,1
1,23.0,4,240,33.0,7.1,1
1,47.0,6,130,57.0,8.1,1
1,213.0,58,2069,324.0,6.5,1
1,110.0,31,420,165.0,7.3,1
1,69.0,5,33,86.0,8.1,1
1,88.0,21,567,129.0,7.4,1
1,50.0,13,77,61.0,8.4,1
1,19.0,0,4,19.0,8.8,1
1,0.0,1,19,0.0,8.3,1
1,557.0,144,4907,640.0,9.0,1
1,1341.0,84,5055,1550.0,9.1,1
1,299.0,105,2543,493.0,6.9,1
1,194.0,56,192,246.0,8.5,1
1,9.0,1,17,10.0,8.0,1
1,7.0,1,3,10.0,6.4,1
1,22.0,5,93,28.0,7.0,1
1,12.0,4,98,16.0,7.4,1
1,20.0,6,28,35.0,5.5,1
1,2085.0,389,16611,2299.0,9.3,1
1,744.0,232,6956,927.0,8.2,1
1,896.0,158,10155,1238.0,8.0,1
1,243.0,109,3051,387.0,7.4,1
2,1168.0,366,5347,1508.0,9.2,1
1,173.0,77,858,241.0,8.0,1
1,1521.0,327,7522,2195.0,7.8,1
1,311.0,88,3982,408.0,8.2,1
2,159.0,67,770,159.0,8.9,1
1,497.0,92,2155,623.0,8.7,1
1,595.0,65,2582,686.0,9.1,1
2,68.0,36,342,75.0,8.8,1
1,136.0,58,443,159.0,9.3,1
2,94.0,19,179,108.0,9.2,1
1,153.0,55,911,200.0,8.1,1
2,44.0,8,185,48.0,8.3,1
1,219.0,58,624,316.0,8.0,1
1,230.0,24,56,286.0,8.4,1
1,111.0,20,530,159.0,7.5,1
2,13.0,1,10,13.0,8.8,1
1,25.0,21,98,45.0,6.5,1
1,124.0,10,52,156.0,8.4,1
1,92.0,12,62,114.0,8.6,1
1,48.0,33,133,77.0,8.0,1
2,10.0,3,28,6.0,8.2,1
1,48.0,14,184,65.0,7.9,1
1,3.0,1,24,4.0,7.0,1
1,1.0,0,3,1.0,7.7,1
1,12.0,1,10,14.0,7.9,1
2,190.0,70,375,284.0,6.9,1
2,2.0,1,152,25.0,7.1,1
1,257.0,56,139,350.0,8.2,1
1,49.0,4,32,59.0,8.8,1
1,9.0,5,6,12.0,8.4,1
1,8.0,1,2,13.0,7.2,1
1,10.0,3,10,10.0,8.1,1
1,134.0,17,34,158.0,8.3,1
1,142.0,25,60,207.0,6.4,1
2,1657.0,376,4776,2002.0,9.3,1
2,486.0,297,2253,821.0,7.4,1
1,274.0,64,1817,382.0,7.8,1
2,1140.0,475,3218,1680.0,8.3,1
2,76.0,48,251,120.0,7.6,1
2,174.0,73,643,293.0,6.8,1
1,10.0,5,38,16.0,6.5,1
1,243.0,92,161,351.0,7.5,1
1,19.0,0,32,26.0,7.3,1
1,87.0,5,22,106.0,8.4,1
2,1215.0,321,3049,1554.0,8.9,1
1,267.0,89,1846,341.0,8.9,1
1,490.0,133,1500,707.0,7.6,1
1,46.0,9,266,57.0,8.7,1
1,195.0,37,696,259.0,8.4,1
1,155.0,22,118,213.0,7.6,1
1,144.0,66,361,207.0,8.2,1
1,41.0,19,127,55.0,8.3,1
1,133.0,44,533,179.0,7.9,1
1,201.0,73,570,273.0,8.0,1
3,105.0,38,104,208.0,5.8,1
1,15.0,8,56,34.0,5.7,1
1,93.0,21,52,118.0,8.0,1
1,6.0,0,6,6.0,7.7,1
3,556.0,157,510,741.0,8.2,1
1,23.0,9,71,34.0,7.4,1
1,23.0,0,31,31.0,7.2,1
1,16.0,5,16,24.0,6.6,1
1,20.0,2,3,25.0,7.7,1
2,10.0,18,22,14.0,7.2,1
1,18.0,20,33,30.0,8.1,1
1,8.0,0,4,9.0,7.6,1
1,12.0,3,16,14.0,7.7,1
1,1575.0,355,13919,2003.0,8.6,1
1,106.0,27,46,138.0,8.1,1
1,161.0,17,47,185.0,8.7,1
1,182.0,14,64,207.0,8.9,1
1,125.0,39,417,184.0,7.0,1
1,104.0,62,109,145.0,8.5,1
1,41.0,17,175,35.0,9.0,1
1,130.0,36,175,210.0,6.6,1
1,163.0,26,44,229.0,7.3,1
1,17.0,5,17,20.0,8.2,1
1,8.0,4,17,14.0,6.0,1
1,1838.0,204,4885,2109.0,9.3,1
1,522.0,203,1573,650.0,9.2,1
1,24.0,9,22,32.0,8.0,1
2,6.0,6,8,13.0,5.8,1
1,414.0,94,4695,518.0,8.6,1
2,1297.0,257,1764,1670.0,8.5,1
1,529.0,61,507,594.0,9.2,1
1,53.0,12,65,106.0,6.0,1
1,84.0,30,611,124.0,7.2,1
1,479.0,43,377,452.0,9.2,1
1,383.0,202,802,608.0,7.0,1
1,295.0,112,1135,421.0,7.6,1
1,90.0,21,403,139.0,6.9,1
1,17.0,5,101,30.0,6.6,1
1,55.0,13,82,89.0,6.9,1
2,157.0,48,134,289.0,6.1,1
1,35.0,3,40,48.0,7.4,1
1,11.0,0,21,12.0,8.1,1
1,60.0,41,188,127.0,5.6,1
1,38.0,20,105,68.0,6.2,1
1,136.0,17,23,174.0,7.9,1
1,115.0,34,135,173.0,6.8,1
1,8.0,1,51,9.0,8.2,1
1,64.0,26,28,80.0,8.8,1
1,14.0,4,25,21.0,6.7,1
1,103.0,39,47,127.0,8.6,1
1,32.0,6,12,42.0,7.8,1
1,16.0,5,15,19.0,8.1,1
1,106.0,29,136,147.0,7.8,1
2,6.0,1,17,11.0,6.2,1
2,8.0,4,11,11.0,8.3,1
1,23.0,1,3,25.0,8.4,1
2,42.0,22,28,64.0,6.6,1
1,29.0,11,371,40.0,7.9,1
1,468.0,179,1001,693.0,7.6,1
1,397.0,73,755,554.0,7.7,1
1,186.0,99,548,277.0,7.8,1
1,18.0,11,204,30.0,7.3,1
2,399.0,247,1082,721.0,6.5,1
1,116.0,47,439,171.0,8.0,1
1,8.0,6,3,12.0,7.1,1
1,133.0,28,83,179.0,7.6,1
1,23.0,13,62,33.0,7.6,1
1,8.0,0,2,10.0,7.7,1
1,49.0,5,236,58.0,8.7,1
1,32.0,10,220,40.0,7.9,1
1,12.0,0,7,13.0,7.9,1
1,7.0,3,34,9.0,7.4,1
1,7.0,2,5,8.0,7.5,1
3,4223.0,447,10114,5030.0,9.0,1
1,335.0,46,1435,390.0,9.0,1
1,96.0,12,503,124.0,8.0,1
1,63.0,11,147,68.0,9.3,1
1,71.0,14,82,88.0,8.8,1
1,177.0,75,144,231.0,8.9,1
1,34.0,14,67,64.0,5.8,1
1,40.0,11,50,51.0,8.0,1
1,72.0,18,69,89.0,8.5,1
2,1851.0,410,1186,2418.0,8.5,1
1,60.0,4,41,105.0,6.4,1
1,33.0,7,31,63.0,6.5,1
2,793.0,161,826,991.0,8.6,1
1,172.0,39,50,237.0,7.9,1
1,129.0,19,97,149.0,9.0,1
2,652.0,167,695,957.0,7.4,1
1,142.0,51,301,208.0,8.0,1
2,19.0,11,187,42.0,6.5,1
1,20.0,5,13,28.0,7.9,1
1,143.0,37,168,172.0,8.8,1
1,101.0,40,50,131.0,8.6,1
2,683.0,173,764,1007.0,7.3,1
1,406.0,126,175,484.0,9.0,1
1,653.0,319,1138,943.0,7.7,1
2,47.0,23,21,74.0,7.0,1
2,415.0,155,406,576.0,7.8,1
1,3.0,4,4,9.0,5.3,1
1,1596.0,271,725,1914.0,9.1,1
1,185.0,33,77,219.0,8.9,1
2,139.0,50,160,192.0,7.5,1
1,43.0,6,32,64.0,7.1,1
1,26.0,2,20,34.0,7.8,1
1,11.0,7,10,20.0,6.5,1
1,15.0,0,13,16.0,8.3,1
1,51.0,25,32,68.0,8.2,1
1,153.0,22,45,214.0,7.9,1
3,56.0,32,91,90.0,6.8,1
1,8.0,5,36,18.0,5.8,1
2,0.0,0,1,0.0,7.4,1
1,6.0,3,12,8.0,7.1,1
1,8.0,3,3,14.0,5.8,1
1,9.0,3,20,10.0,7.4,1
1,46.0,6,6,56.0,8.1,1
2,131.0,45,60,165.0,8.2,1
2,17.0,1,4,19.0,7.8,1
1,5.0,0,0,8.0,6.2,1
1,64.0,6,20,91.0,7.3,1
1,6.0,4,7,9.0,6.9,1
2,21.0,1,6,29.0,7.4,1
1,10.0,1,1,11.0,8.5,1
1,11.0,4,5,14.0,7.5,1
1,33.0,6,25,75.0,5.9,1
1,39.0,7,42,45.0,8.7,1
1,58.0,5,10,91.0,7.0,1
1,11.0,5,18,14.0,7.4,1
2,8.0,1,9,10.0,7.4,1
1,57.0,9,114,72.0,8.1,1
1,8.0,3,6,8.0,8.3,1
1,61.0,7,30,80.0,7.9,1
2,7.0,3,9,8.0,8.3,1
1,14.0,2,3,18.0,7.5,1
2,17.0,13,23,32.0,5.7,1
2,4.0,1,5,8.0,6.5,1
1,98.0,12,15,120.0,8.5,1
2,10.0,7,7,18.0,6.4,1
1,7.0,1,2,10.0,7.0,1
1,10.0,1,20,11.0,8.1,1
1,36.0,6,31,42.0,8.6,1
1,15.0,1,38,16.0,8.1,1
2,59.0,7,127,72.0,7.9,1
1,6.0,5,13,8.0,7.5,1
1,8.0,0,21,9.0,7.3,1
1,51.0,6,321,62.0,8.0,1
3,2.0,0,26,11.0,7.5,1
1,24.0,9,122,32.0,8.3,1
1,157.0,35,941,212.0,7.1,1
1,10.0,2,41,11.0,7.6,1
1,930.0,175,3899,1151.0,9.0,1
1,109.0,40,778,145.0,8.3,1
1,61.0,30,71,78.0,8.5,1
1,29.0,5,187,31.0,9.1,1
1,82.0,1,17,117.0,7.5,1
1,74.0,16,47,98.0,7.7,1
1,11.0,0,20,13.0,7.8,1
1,79.0,24,643,96.0,8.5,1
2,8.0,5,18,14.0,7.3,1
1,125.0,29,920,170.0,8.0,1
1,66.0,12,46,89.0,7.7,1
2,19.0,10,16,26.0,7.8,1
1,3.0,4,31,10.0,5.4,1
1,30.0,11,110,43.0,7.1,1
2,16.0,7,22,24.0,7.7,1
1,410.0,91,1300,593.0,7.3,1
1,25.0,11,21,35.0,7.9,1
1,5.0,1,36,14.0,8.4,1
1,26.0,17,107,30.0,8.5,1
1,41.0,11,49,53.0,8.1,1
1,17.0,9,34,23.0,7.1,1
1,2.0,0,3,3.0,7.7,1
1,254.0,30,1214,291.0,9.1,1
1,8.0,3,38,12.0,7.3,1
1,30.0,7,24,48.0,6.6,1
1,10.0,2,1,12.0,8.1,1
1,11.0,2,7,13.0,7.4,1
1,11.0,3,4,16.0,6.5,1
1,59.0,5,158,65.0,8.9,1
3,5557.0,1740,5609,7091.0,9.0,1
1,1333.0,931,4229,2080.0,8.6,1
2,635.0,394,934,1217.0,6.2,1
2,132.0,85,368,201.0,8.3,1
1,27.0,2,31,31.0,8.3,1
1,218.0,49,278,300.0,7.5,1
1,13.0,6,39,16.0,8.1,1
1,10.0,4,15,17.0,6.0,1
1,0.0,0,1,1.0,7.2,1
2,562.0,226,373,850.0,6.4,1
1,16.0,3,1,22.0,7.0,1
2,15.0,1,11,21.0,7.0,1
1,2135.0,572,8881,3021.0,8.1,1
2,2794.0,280,3262,3375.0,8.8,1
2,77.0,28,711,95.0,8.9,1
3,2074.0,496,2142,2857.0,8.2,1
1,134.0,40,1223,192.0,7.9,1
1,214.0,34,319,259.0,8.7,1
2,163.0,47,707,242.0,7.6,1
2,192.0,70,627,303.0,7.5,1
2,181.0,81,745,306.0,6.8,1
2,19.0,2,5,32.0,6.3,1
1,15.0,10,63,24.0,7.6,1
1,8.0,8,23,15.0,5.9,1
1,16.0,2,9,20.0,7.6,1
1,12.0,6,5,17.0,7.4,1
1,38.0,5,200,45.0,8.5,1
1,2.0,0,0,3.0,7.2,1
1,4.0,2,21,9.0,6.4,1
1,166.0,47,1094,250.0,7.8,1
1,72.0,12,365,89.0,8.6,1
1,622.0,289,2224,869.0,8.2,1
1,30.0,14,669,41.0,7.5,1
1,22.0,7,213,28.0,7.9,1
1,155.0,2,2,84.0,9.2,1
1,42.0,9,9,57.0,7.5,1
1,8.0,2,20,11.0,6.7,1
1,56.0,8,347,59.0,9.2,1
1,1.0,0,5,0.0,8.3,1
1,49.0,11,20,62.0,7.4,1
1,1535.0,479,10047,2090.0,8.4,1
1,1808.0,566,14090,2513.0,8.3,1
1,312.0,153,1203,397.0,8.9,1
1,116.0,31,644,154.0,8.2,1
1,36.0,22,61,50.0,8.6,1
1,12.0,0,2,13.0,8.4,1
1,240.0,88,1303,319.0,8.6,1
1,49.0,18,43,79.0,7.5,1
2,301.0,202,310,425.0,8.2,1
1,8.0,2,16,8.0,8.3,1
1,14.0,6,26,18.0,7.8,1
1,10.0,5,40,17.0,6.7,1
1,28.0,7,14,36.0,7.7,1
1,35.0,15,30,59.0,6.5,1
1,19.0,9,8,22.0,8.9,1
2,7.0,0,13,8.0,7.4,1
1,6.0,2,9,8.0,7.6,1
2,5.0,3,8,9.0,6.1,1
1,1408.0,241,1496,1704.0,8.9,1
1,42.0,9,219,49.0,8.6,1
2,679.0,212,198,938.0,7.7,1
2,271.0,148,206,511.0,6.2,1
1,193.0,53,67,262.0,8.0,1
1,14.0,1,26,18.0,7.7,1
2,15.0,13,98,20.0,7.6,1
1,45.0,7,18,50.0,9.0,1
2,8.0,6,48,12.0,7.9,1
1,12.0,9,77,26.0,6.1,1
1,26.0,22,52,68.0,5.6,1
1,617.0,301,5203,1050.0,6.7,1
1,36.0,10,194,41.0,8.7,1
1,187.0,29,389,219.0,8.8,1
2,604.0,193,977,803.0,8.1,1
1,24.0,9,187,34.0,7.0,1
1,309.0,65,145,371.0,9.0,1
1,8.0,2,20,9.0,8.0,1
1,275.0,48,154,352.0,8.1,1
1,55.0,7,140,69.0,8.4,1
1,346.0,19,306,401.0,8.9,1
1,318.0,58,308,381.0,8.9,1
1,25.0,10,80,30.0,8.7,1
1,76.0,6,47,87.0,9.0,1
1,29.0,6,190,37.0,8.1,1
1,69.0,23,119,117.0,6.3,1
2,171.0,60,50,227.0,7.7,1
1,27.0,8,22,43.0,6.6,1
1,11.0,6,23,16.0,6.7,1
1,7.0,2,11,8.0,7.8,1
1,29.0,7,10,40.0,6.7,1
1,13.0,8,6,19.0,6.7,1
1,4.0,5,6,8.0,6.0,1
1,46.0,2,263,57.0,8.2,1
1,27.0,0,4,34.0,7.7,1
1,10.0,4,25,11.0,8.1,1
1,16.0,2,21,20.0,7.5,1
1,267.0,47,663,328.0,8.8,1
2,657.0,150,451,790.0,8.9,1
1,29.0,10,36,45.0,6.2,1
1,14.0,3,25,21.0,7.3,1
1,11.0,4,8,21.0,6.1,1
1,16.0,5,7,25.0,6.7,1
1,14.0,8,23,17.0,7.9,1
1,9.0,2,1,10.0,7.9,1
1,12.0,10,26,14.0,8.0,1
1,1059.0,164,8025,1208.0,9.3,1
1,88.0,18,769,105.0,8.8,1
1,39.0,11,383,51.0,8.0,1
1,377.0,123,2493,481.0,8.9,1
3,410.0,75,664,499.0,8.8,1
1,3.0,0,29,4.0,6.9,1
1,12.0,4,89,17.0,8.1,1
1,205.0,67,477,298.0,7.4,1
1,68.0,24,274,99.0,7.8,1
1,323.0,107,484,416.0,8.3,1
1,24.0,5,116,32.0,7.5,1
1,39.0,8,62,49.0,7.8,1
1,3.0,5,46,11.0,5.6,1
1,20.0,22,129,43.0,7.2,1
1,12.0,6,14,23.0,5.9,1
1,14.0,1,10,14.0,8.3,1
1,21.0,10,25,32.0,7.0,1
1,13.0,25,67,47.0,4.8,1
2,10.0,4,1,14.0,6.5,1
1,6.0,4,10,9.0,6.8,1
1,21.0,7,55,32.0,7.1,1
1,14.0,2,3,17.0,7.6,1
1,5.0,1,6,7.0,6.8,1
1,130.0,13,94,211.0,7.1,1
1,32.0,2,3,44.0,7.2,1
2,7.0,3,70,8.0,8.1,1
1,9.0,0,0,12.0,7.4,1
1,35.0,7,36,49.0,7.7,1
1,10.0,1,17,17.0,6.5,1
1,11.0,5,3,15.0,6.9,1
1,6.0,3,15,9.0,6.8,1
3,31.0,9,36,41.0,7.7,1
1,26.0,8,166,38.0,7.1,1
1,38.0,8,4,51.0,7.1,1
3,4.0,2,3,10.0,5.4,1
1,17.0,1,8,22.0,8.0,1
1,50.0,13,21,61.0,8.2,1
2,16.0,6,16,20.0,7.4,1
2,8.0,2,8,8.0,8.3,1
1,160.0,18,83,194.0,8.5,1
1,9.0,3,5,12.0,7.4,1
1,14.0,2,79,14.0,8.6,1
2,29.0,6,138,32.0,8.7,1
1,54.0,3,25,70.0,7.9,1
1,185.0,22,445,206.0,9.1,1
2,8.0,2,43,9.0,7.6,1
1,12.0,0,13,12.0,8.1,1
1,594.0,171,3812,744.0,8.9,1
1,11.0,3,37,13.0,8.1,1
1,35.0,7,55,43.0,8.1,1
1,3.0,1,41,8.0,7.1,1
1,12.0,1,13,14.0,7.9,1
1,856.0,130,7623,1205.0,8.0,1
1,342.0,57,1601,443.0,8.5,1
1,171.0,53,554,354.0,6.1,1
1,81.0,61,945,148.0,6.8,1
1,90.0,29,266,102.0,8.9,1
1,136.0,38,59,198.0,7.4,1
1,17.0,4,80,18.0,8.8,1
1,10.0,0,9,12.0,7.6,1
1,9.0,4,15,13.0,8.3,1
1,14.0,4,17,17.0,7.7,1
1,3.0,1,8,3.0,7.7,1
1,77.0,24,281,101.0,7.4,1
1,68.0,45,128,101.0,8.0,1
1,26.0,13,6,32.0,7.8,1
2,7.0,1,5,9.0,7.4,1
1,15.0,2,21,18.0,7.9,1
2,7.0,2,0,13.0,6.2,1
2,1094.0,298,544,1316.0,9.1,1
1,10.0,1,43,14.0,7.0,1
1,14.0,3,21,17.0,7.8,1
1,32.0,12,29,38.0,8.2,1
1,12.0,2,4,16.0,7.0,1
1,7.0,3,2,14.0,6.0,1
1,8.0,3,10,9.0,7.3,1
1,255.0,73,2197,332.0,8.5,1
1,288.0,83,1631,355.0,9.0,1
1,200.0,48,1471,282.0,7.7,1
1,169.0,74,469,262.0,7.9,1
1,237.0,181,960,383.0,8.3,1
1,103.0,50,378,137.0,8.9,1
1,9.0,1,6,10.0,8.1,1
1,634.0,64,503,751.0,8.8,1
1,74.0,13,47,104.0,7.7,1
2,1458.0,451,1261,2034.0,8.0,1
1,453.0,86,171,564.0,8.9,1
1,11.0,7,94,20.0,7.0,1
1,63.0,6,118,97.0,6.9,1
1,100.0,21,43,135.0,8.1,1
1,209.0,72,208,321.0,6.8,1
1,78.0,54,87,94.0,8.6,1
2,71.0,29,273,121.0,6.5,1
2,244.0,44,74,316.0,8.0,1
1,41.0,8,14,47.0,8.6,1
1,475.0,80,98,551.0,9.0,1
2,167.0,44,90,220.0,8.0,1
1,6.0,9,25,12.0,8.0,1
1,37.0,8,49,53.0,7.0,1
2,22.0,6,18,29.0,7.8,1
1,63.0,26,31,98.0,7.0,1
1,13.0,4,47,23.0,6.0,1
1,28.0,4,8,37.0,7.3,1
1,17.0,7,24,25.0,7.4,1
1,31.0,21,18,41.0,7.7,1
1,23.0,7,4,27.0,7.9,1
2,79.0,46,114,155.0,5.7,1
2,1062.0,348,856,1554.0,7.8,1
1,20.0,15,124,33.0,6.7,1
2,499.0,203,591,712.0,8.0,1
2,47.0,25,167,87.0,6.3,1
1,7.0,3,2,8.0,7.7,1
1,167.0,84,183,271.0,6.7,1
1,12.0,0,20,15.0,7.7,1
2,443.0,191,393,689.0,6.8,1
1,1027.0,363,7118,1290.0,9.1,1
1,22.0,1,1,26.0,7.9,1
1,8.0,5,14,11.0,6.7,1
1,6.0,4,10,12.0,5.9,1
1,7.0,1,13,8.0,7.1,1
1,547.0,97,1102,655.0,9.0,1
2,37.0,8,153,43.0,8.6,1
1,106.0,18,70,137.0,8.2,1
1,75.0,13,43,84.0,9.2,1
2,48.0,5,15,75.0,6.5,1
1,50.0,4,7,58.0,8.4,1
1,5.0,1,4,8.0,6.1,1
1,324.0,70,1915,422.0,8.2,1
1,54.0,9,133,71.0,7.8,1
1,35.0,9,184,43.0,8.0,1
1,6.0,0,1,11.0,5.8,1
4,823.0,356,2449,1256.0,8.0,1
3,1720.0,585,1921,2501.0,7.9,1
3,1736.0,411,1967,2215.0,8.7,1
2,20.0,11,88,27.0,7.9,1
1,81.0,10,19,106.0,8.0,1
2,27.0,20,74,69.0,5.6,1
2,3.0,12,72,16.0,5.7,1
3,1311.0,375,1553,1777.0,8.3,1
3,1285.0,370,1833,1760.0,8.1,1
3,472.0,221,1984,826.0,6.6,1
3,426.0,327,954,1050.0,5.1,1
2,678.0,265,720,1089.0,6.8,1
1,252.0,97,454,390.0,7.8,1
1,1164.0,331,3076,1711.0,7.5,1
1,215.0,109,584,370.0,7.1,1
1,105.0,38,989,158.0,7.7,1
3,120.0,59,467,185.0,7.7,1
1,11.0,3,28,14.0,7.7,1
1,158.0,11,40,239.0,6.9,1
1,143.0,9,49,180.0,8.2,1
1,26.0,7,32,50.0,5.8,1
1,12.0,12,57,23.0,6.3,1
2,15.0,6,39,18.0,7.7,1
1,3.0,3,19,14.0,5.0,1
1,25.0,7,18,30.0,7.8,1
1,15.0,15,25,27.0,6.9,1
1,129.0,28,825,156.0,8.8,1
2,993.0,161,694,1245.0,8.4,1
1,291.0,71,124,387.0,8.2,1
1,329.0,27,249,395.0,8.5,1
1,294.0,80,72,373.0,8.4,1
1,30.0,4,17,40.0,7.8,1
1,55.0,7,90,66.0,8.2,1
2,33.0,25,79,54.0,7.6,1
1,36.0,4,32,51.0,7.6,1
1,77.0,45,308,111.0,8.2,1
2,13.0,2,7,16.0,7.6,1
1,55.0,13,7,68.0,7.8,1
2,6.0,3,7,10.0,6.0,1
1,1.0,0,1,1.0,6.6,1
1,522.0,42,341,742.0,7.8,1
1,69.0,10,405,71.0,9.1,1
1,211.0,22,884,243.0,9.1,1
2,458.0,115,577,572.0,8.7,1
4,384.0,108,465,558.0,7.7,1
1,316.0,37,2343,401.0,8.1,1
2,246.0,146,328,410.0,6.5,1
1,115.0,19,106,160.0,7.6,1
3,15.0,1,68,18.0,7.5,1
2,36.0,12,11,46.0,7.9,1
1,16.0,3,8,24.0,6.4,1
1,10.0,5,14,18.0,6.0,1
2,5.0,2,2,10.0,5.6,1
2,48.0,18,67,63.0,8.5,1
1,1385.0,156,9375,1557.0,9.4,1
2,3177.0,898,9729,3972.0,9.1,1
1,1211.0,346,3888,1581.0,8.8,1
2,528.0,230,2087,753.0,8.5,1
1,555.0,173,2079,761.0,8.4,1
1,986.0,85,969,1148.0,9.0,1
1,291.0,78,946,372.0,9.0,1
1,185.0,45,808,240.0,8.6,1
1,79.0,7,206,91.0,8.9,1
2,620.0,60,368,771.0,8.7,1
1,5.0,0,32,4.0,7.8,1
1,12.0,8,26,16.0,7.6,1
1,13.0,2,19,16.0,7.5,1
2,3.0,4,8,6.0,7.6,1
1,1.0,0,1,1.0,8.7,1
1,10.0,9,34,23.0,5.9,1
2,115.0,51,72,176.0,7.7,1
2,11.0,15,28,21.0,6.6,1
1,8.0,7,24,20.0,5.3,1
1,27.0,15,33,46.0,6.8,1
1,10.0,3,11,15.0,6.9,1
2,628.0,314,383,920.0,8.1,1
1,11.0,1,56,12.0,8.4,1
1,18.0,1,130,23.0,8.2,1
1,12.0,0,24,11.0,8.5,1
1,5.0,4,18,10.0,6.1,1
1,11.0,2,9,13.0,7.9,1
1,4.0,0,20,4.0,7.9,1
1,38.0,3,109,46.0,8.3,1
1,20.0,15,28,31.0,6.3,1
2,10.0,2,6,14.0,7.2,1
1,53.0,8,29,75.0,7.4,1
1,16.0,5,47,26.0,6.9,1
1,58.0,4,18,82.0,6.9,1
1,11.0,2,21,11.0,8.2,1
1,64.0,11,46,84.0,7.8,1
1,37.0,4,19,59.0,6.9,1
2,459.0,88,272,643.0,7.7,1
1,157.0,27,87,196.0,8.4,1
2,398.0,166,367,629.0,6.9,1
2,185.0,63,240,303.0,6.4,1
2,24.0,3,7,29.0,7.9,1
1,155.0,14,41,214.0,7.4,1
1,24.0,4,24,31.0,7.3,1
2,26.0,26,59,64.0,5.0,1
1,96.0,50,295,163.0,5.9,1
1,12.0,4,25,17.0,6.5,1
1,53.0,22,102,72.0,7.5,1
1,28.0,7,286,25.0,7.9,1
1,15.0,0,3,18.0,8.1,1
1,25.0,5,14,35.0,7.2,1
1,30.0,5,13,52.0,6.3,1
1,18.0,1,38,27.0,6.8,1
2,29.0,5,17,42.0,6.9,1
1,140.0,13,176,160.0,8.9,1
1,48.0,2,15,81.0,6.2,1
1,203.0,42,101,256.0,8.2,1
1,50.0,11,16,67.0,7.7,1
1,24.0,1,12,30.0,7.8,1
1,92.0,27,29,123.0,7.5,1
1,105.0,37,20,117.0,8.9,1
1,17.0,4,0,21.0,7.5,1
1,501.0,38,955,568.0,9.1,1
1,40.0,7,262,46.0,8.8,1
1,58.0,11,210,65.0,8.7,1
1,20.0,11,234,24.0,8.3,1
1,24.0,5,67,34.0,7.5,1
1,61.0,25,94,77.0,8.1,1
1,19.0,10,19,25.0,7.9,1
1,31.0,13,32,38.0,8.3,1
1,21.0,3,14,27.0,7.7,1
1,2.0,1,7,4.0,7.7,1
1,11.0,4,13,19.0,6.9,1
1,8.0,1,7,10.0,7.5,1
1,8.0,2,9,11.0,7.1,1
1,2.0,0,1,2.0,7.9,1
1,24.0,1,20,31.0,8.0,1
1,5.0,6,2,8.0,6.0,1
1,38.0,4,14,63.0,6.7,1
1,5.0,0,0,8.0,6.0,1
1,8.0,0,3,8.0,7.6,1
2,16.0,2,3,25.0,6.1,1
2,12.0,1,2,20.0,6.5,1
1,10.0,0,1,14.0,7.2,1
1,12.0,8,8,15.0,7.3,1
1,20.0,2,19,26.0,8.0,1
1,10.0,2,13,13.0,8.0,1
1,1.0,0,2,1.0,7.8,1
1,31.0,12,54,36.0,9.1,1
1,35.0,8,425,46.0,7.9,1
1,14.0,1,2,15.0,8.4,1
2,15.0,3,20,24.0,6.7,1
1,1.0,0,1,3.0,6.4,1
1,27.0,2,20,33.0,8.0,1
2,7.0,4,6,14.0,5.7,1
1,11.0,4,13,27.0,5.1,1
2,79.0,13,29,113.0,7.4,1
1,8.0,1,7,8.0,8.3,1
1,249.0,10,503,290.0,9.0,1
1,24.0,2,27,37.0,7.1,1
1,31.0,5,27,42.0,7.9,1
1,23.0,9,84,29.0,7.9,1
1,15.0,3,24,28.0,5.9,1
1,0.0,0,5,0.0,7.4,1
1,270.0,84,2113,343.0,8.7,1
1,25.0,10,265,45.0,6.3,1
1,95.0,5,374,110.0,8.7,1
4,50.0,18,326,76.0,7.1,1
1,60.0,4,55,98.0,6.8,1
1,60.0,9,92,75.0,8.5,1
1,4.0,1,30,8.0,7.4,1
1,46.0,4,32,68.0,6.9,1
1,16.0,0,51,16.0,8.9,1
1,10.0,1,49,10.0,8.6,1
1,20.0,4,239,20.0,7.9,1
1,8.0,3,10,10.0,7.9,1
1,16.0,0,9,19.0,7.4,1
1,14.0,4,17,16.0,8.2,1
1,13.0,1,1,19.0,7.1,1
2,6.0,3,8,8.0,7.7,1
1,2.0,4,3,5.0,6.4,1
1,16.0,14,37,22.0,7.4,1
1,1206.0,273,12847,1770.0,7.7,1
1,121.0,23,825,158.0,8.4,1
2,251.0,39,144,333.0,8.0,1
1,189.0,60,1259,268.0,7.8,1
1,40.0,2,4,51.0,7.8,1
1,151.0,28,34,182.0,8.7,1
1,20.0,4,56,25.0,8.1,1
1,97.0,24,72,111.0,8.8,1
3,14.0,6,38,17.0,8.0,1
1,9.0,2,69,8.0,8.2,1
1,63.0,16,17,94.0,7.1,1
1,49.0,47,8,69.0,9.6,1
1,33.0,8,177,41.0,8.3,1
1,486.0,125,596,564.0,9.2,1
1,130.0,30,79,211.0,6.4,1
1,10.0,2,13,16.0,6.1,1
1,5.0,0,3,11.0,5.8,1
1,41.0,3,236,46.0,8.8,1
1,30.0,3,43,37.0,7.9,1
1,1.0,0,2,1.0,8.1,1
1,40.0,19,204,56.0,7.9,1
1,27.0,15,13,36.0,8.6,1
1,86.0,30,20,113.0,8.2,1
1,7.0,2,13,10.0,7.4,1
1,1.0,0,4,1.0,7.3,1
2,17.0,4,22,23.0,8.0,1
2,226.0,74,1110,316.0,8.2,1
1,102.0,10,379,120.0,8.7,1
1,183.0,77,1761,321.0,6.6,1
1,1010.0,371,2861,1537.0,7.5,1
3,2760.0,574,1325,3384.0,9.0,1
1,205.0,80,344,293.0,8.3,1
2,559.0,204,701,791.0,8.4,1
1,338.0,18,167,290.0,9.4,1
1,193.0,33,134,248.0,8.4,1
1,1475.0,534,1574,1697.0,8.2,1
1,45.0,6,48,69.0,7.0,1
2,73.0,29,319,101.0,8.1,1
2,254.0,138,776,442.0,6.4,1
1,137.0,89,444,226.0,6.7,1
1,14.0,5,83,19.0,7.4,1
1,56.0,22,30,68.0,8.6,1
1,188.0,66,159,284.0,7.1,1
2,15.0,4,36,20.0,7.8,1
2,133.0,87,402,218.0,6.9,1
1,22.0,4,33,33.0,7.1,1
1,167.0,50,75,230.0,7.6,1
1,7.0,6,20,9.0,7.8,1
3,155.0,90,357,298.0,6.0,1
1,15.0,6,81,21.0,8.1,1
1,8.0,2,9,8.0,8.1,1
2,6.0,3,19,12.0,5.6,1
1,9.0,2,41,12.0,8.3,1
1,4.0,0,1,4.0,7.0,1
1,825.0,232,3362,1113.0,8.3,1
1,439.0,39,325,535.0,8.7,1
1,140.0,14,60,174.0,8.6,1
2,142.0,38,234,200.0,8.0,1
1,17.0,7,78,24.0,7.5,1
1,9.0,5,16,11.0,8.2,1
1,434.0,67,151,528.0,8.7,1
2,154.0,43,81,232.0,7.2,1
2,87.0,10,32,126.0,7.1,1
2,95.0,45,197,136.0,7.8,1
2,6.0,3,4,11.0,6.8,1
1,162.0,41,49,202.0,8.3,1
1,71.0,13,90,86.0,8.7,1
1,16.0,9,45,19.0,7.6,1
1,6.0,2,19,9.0,6.7,1
1,13.0,0,17,20.0,6.1,1
1,4.0,2,6,8.0,6.0,1
2,7.0,2,6,10.0,7.3,1
2,9.0,7,12,21.0,6.1,1
1,10.0,6,30,14.0,6.6,1
2,11.0,3,3,16.0,6.9,1
2,7.0,2,2,9.0,7.7,1
1,9.0,1,7,10.0,7.8,1
1,6.0,4,26,10.0,6.6,1
1,203.0,37,198,258.0,8.2,1
1,660.0,82,3230,755.0,9.3,1
1,768.0,218,3744,1021.0,8.7,1
1,1279.0,293,2081,1674.0,8.7,1
1,488.0,159,2603,646.0,8.5,1
1,104.0,23,155,135.0,8.6,1
1,131.0,27,146,169.0,8.5,1
1,213.0,93,497,347.0,6.5,1
1,3.0,2,8,5.0,7.7,1
1,44.0,14,93,72.0,6.9,1
1,8.0,1,25,12.0,6.5,1
1,17.0,3,22,25.0,6.5,1
2,649.0,166,727,819.0,8.8,1
1,922.0,363,5851,1218.0,8.8,1
1,135.0,43,82,175.0,8.4,1
1,31.0,5,82,39.0,7.9,1
3,41.0,21,67,56.0,8.1,1
1,11.0,7,9,16.0,6.7,1
1,11.0,3,9,22.0,6.1,1
1,11.0,0,12,12.0,7.9,1
1,42.0,8,37,49.0,8.8,1
1,7.0,1,9,8.0,7.6,1
1,29.0,14,45,42.0,7.6,1
1,88.0,26,97,127.0,7.6,1
1,28.0,7,17,40.0,7.2,1
1,50.0,18,33,68.0,7.4,1
2,45.0,12,42,67.0,6.9,1
1,25.0,8,23,35.0,7.3,1
1,13.0,12,79,22.0,6.5,1
1,14.0,5,7,15.0,8.2,1
2,21.0,7,3,31.0,6.6,1
1,15.0,9,12,21.0,6.5,1
1,5.0,2,2,7.0,7.1,1
2,10.0,0,7,10.0,8.0,1
1,1309.0,464,2005,1773.0,8.2,1
2,616.0,285,830,917.0,7.8,1
1,14.0,2,39,16.0,8.5,1
1,23.0,4,58,33.0,7.5,1
1,31.0,3,95,38.0,8.0,1
1,30.0,6,94,42.0,7.6,1
1,1.0,0,8,1.0,8.0,1
2,378.0,130,479,469.0,8.8,1
1,63.0,9,84,85.0,7.6,1
1,6.0,1,2,9.0,6.7,1
2,15.0,0,119,22.0,7.5,1
1,244.0,99,886,379.0,7.6,1
2,626.0,239,628,858.0,7.8,1
1,49.0,1,18,57.0,8.6,1
2,8.0,3,22,17.0,5.6,1
2,1261.0,360,1451,1821.0,7.8,1
1,326.0,117,2016,496.0,7.5,1
1,146.0,61,1041,223.0,7.5,1
1,146.0,39,669,182.0,9.0,1
1,17.0,32,245,21.0,8.9,1
1,95.0,40,500,136.0,7.9,1
1,61.0,18,35,83.0,7.8,1
1,11.0,0,8,13.0,7.8,1
1,9.0,3,25,10.0,7.7,1
1,1.0,0,4,1.0,7.4,1
1,137.0,12,47,162.0,8.3,1
2,67.0,47,80,120.0,5.8,1
2,10.0,0,6,13.0,7.2,1
1,121.0,48,119,173.0,6.6,1
1,12.0,6,75,19.0,6.1,1
1,103.0,13,265,124.0,8.9,1
1,104.0,32,506,132.0,8.9,1
1,14.0,7,16,17.0,7.6,1
1,10.0,1,13,12.0,7.4,1
1,6.0,0,3,9.0,6.2,1
1,281.0,34,233,335.0,8.6,1
1,160.0,15,44,197.0,8.5,1
1,7.0,0,1,13.0,6.2,1
1,15.0,13,32,28.0,6.3,1
1,8.0,2,6,10.0,7.5,1
2,5.0,0,1,12.0,5.5,1
1,9.0,0,4,13.0,6.5,1
1,16.0,4,53,21.0,7.2,1
1,57.0,15,9,75.0,7.9,1
1,11.0,5,5,13.0,8.6,1
1,8.0,1,0,11.0,7.1,1
1,8.0,3,4,10.0,7.6,1
1,65.0,6,266,76.0,8.7,1
1,9.0,1,2,15.0,6.6,1
2,16.0,4,28,29.0,6.5,1
2,34.0,10,33,49.0,7.2,1
2,5.0,1,6,11.0,5.4,1
1,8.0,1,0,16.0,6.0,1
1,13.0,1,14,17.0,7.5,1
2,8.0,5,6,12.0,6.2,1
1,4.0,0,12,5.0,8.2,1
1,11.0,0,10,12.0,8.0,1
1,542.0,96,5817,734.0,8.5,1
1,3453.0,570,10654,4203.0,9.0,1
1,265.0,68,1768,389.0,7.7,1
1,36.0,5,205,37.0,9.2,1
1,133.0,27,391,155.0,9.0,1
2,7.0,8,69,13.0,8.1,1
1,42.0,15,206,63.0,7.0,1
1,12.0,0,14,13.0,8.3,1
1,9.0,4,17,9.0,8.2,1
1,13.0,3,16,18.0,6.8,1
1,6.0,5,4,9.0,7.3,1
1,37.0,16,261,56.0,7.5,1
1,124.0,55,266,185.0,7.0,1
2,19.0,3,8,24.0,8.0,1
1,15.0,7,4,21.0,7.5,1
2,1277.0,467,3436,1776.0,8.4,1
2,172.0,61,189,213.0,8.6,1
2,513.0,142,371,623.0,9.0,1
1,290.0,89,104,433.0,7.4,1
1,72.0,16,58,85.0,8.2,1
2,24.0,6,38,34.0,7.2,1
1,20.0,1,11,28.0,7.0,1
1,10.0,9,45,12.0,7.6,1
2,17.0,11,19,28.0,6.6,1
1,108.0,28,59,125.0,8.8,1
1,30.0,18,85,52.0,6.2,1
1,7.0,3,10,15.0,6.1,1
1,31.0,0,18,32.0,8.9,1
1,5.0,1,17,9.0,6.7,1
2,664.0,326,5237,1018.0,7.8,1
1,721.0,185,304,919.0,8.6,1
1,386.0,44,410,556.0,7.8,1
2,2162.0,560,1867,2990.0,8.2,1
2,517.0,237,939,780.0,8.2,1
1,37.0,2,105,42.0,8.6,1
2,304.0,72,143,396.0,8.2,1
1,116.0,18,328,139.0,8.7,1
1,90.0,23,83,119.0,8.3,1
1,10.0,4,7,14.0,7.3,1
1,78.0,2,37,87.0,9.1,1
1,7.0,5,67,11.0,6.8,1
1,7.0,2,9,16.0,5.6,1
1,24.0,17,31,37.0,7.9,1
1,48.0,8,32,80.0,6.2,1
2,106.0,19,38,145.0,7.4,1
1,75.0,17,71,97.0,7.8,1
1,37.0,8,43,47.0,7.7,1
1,22.0,10,18,31.0,7.8,1
1,105.0,50,47,164.0,6.9,1
1,18.0,8,52,25.0,7.5,1
1,366.0,34,707,411.0,9.1,1
1,143.0,10,112,170.0,8.7,1
1,87.0,47,829,110.0,8.6,1
1,158.0,8,414,185.0,8.9,1
1,226.0,58,116,324.0,7.7,1
1,112.0,38,710,154.0,8.0,1
2,509.0,193,153,668.0,8.6,1
1,36.0,13,279,46.0,8.2,1
1,202.0,85,236,296.0,7.9,1
1,110.0,18,74,128.0,8.9,1
1,8.0,0,3,14.0,6.2,1
1,5.0,5,16,9.0,7.7,1
1,90.0,52,146,132.0,8.4,1
2,11.0,7,17,26.0,5.8,1
1,174.0,84,60,240.0,7.7,1
1,31.0,12,25,46.0,7.7,1
1,15.0,8,45,24.0,6.7,1
2,275.0,143,200,420.0,7.8,1
2,20.0,10,25,38.0,5.5,1
1,14.0,10,30,25.0,5.7,1
1,1865.0,199,9760,2279.0,8.9,1
2,2464.0,232,5156,2953.0,9.0,1
4,2954.0,764,2094,4140.0,8.1,1
1,74.0,11,358,87.0,8.6,1
3,1937.0,757,2220,2780.0,8.0,1
2,722.0,32,294,430.0,9.5,1
1,935.0,459,1606,1484.0,7.6,1
1,80.0,41,376,133.0,6.8,1
1,1041.0,138,451,1273.0,9.0,1
1,14.0,8,77,22.0,7.6,1
2,408.0,235,816,643.0,7.5,1
1,48.0,21,135,72.0,6.9,1
1,8.0,0,12,11.0,6.8,1
1,54.0,23,37,69.0,8.1,1
1,257.0,64,70,327.0,7.7,1
2,1413.0,573,3291,1988.0,8.0,1
1,244.0,71,238,298.0,8.9,1
1,11.0,2,8,11.0,8.2,1
1,112.0,17,61,187.0,6.6,1
1,176.0,39,70,236.0,8.3,1
1,166.0,17,82,206.0,8.4,1
1,38.0,15,311,58.0,7.7,1
1,47.0,15,167,75.0,7.9,1
3,7.0,7,29,13.0,6.1,1
2,174.0,97,167,312.0,6.1,1
1,21.0,6,18,33.0,6.2,1
1,18.0,8,36,32.0,5.8,1
1,7.0,5,6,13.0,6.0,1
2,224.0,48,67,289.0,8.3,1
1,110.0,7,241,136.0,8.3,1
1,27.0,7,32,35.0,7.7,1
1,9.0,4,8,15.0,6.3,1
1,21.0,4,8,33.0,6.4,1
1,40.0,8,27,66.0,6.3,1
1,5.0,2,3,12.0,5.4,1
1,1302.0,110,2819,1523.0,9.0,1
1,635.0,189,2920,925.0,7.7,1
1,350.0,24,688,414.0,8.9,1
1,9.0,3,131,13.0,6.9,1
2,459.0,112,410,547.0,9.1,1
2,37.0,5,78,41.0,8.9,1
1,14.0,18,119,39.0,6.0,1
1,59.0,20,114,78.0,8.5,1
1,61.0,30,326,85.0,8.4,1
1,15.0,0,11,15.0,8.7,1
1,167.0,11,58,196.0,8.6,1
2,26.0,18,48,56.0,5.7,1
2,56.0,13,21,84.0,8.6,1
1,10.0,2,7,11.0,7.7,1
2,22.0,7,21,28.0,7.2,1
2,35.0,26,32,53.0,6.7,1
2,7.0,8,59,16.0,5.9,1
1,5.0,8,10,8.0,7.3,1
1,5.0,0,5,6.0,7.7,1
1,17.0,2,5,24.0,6.6,1
1,69.0,8,199,92.0,7.7,1
1,86.0,76,110,129.0,8.3,1
2,11.0,2,20,14.0,8.2,1
1,3.0,4,22,9.0,5.9,1
2,63.0,27,459,106.0,7.5,1
1,5.0,1,7,7.0,7.3,1
1,10.0,3,8,15.0,6.9,1
1,21.0,3,260,18.0,8.9,1
1,31.0,5,111,39.0,7.9,1
1,22.0,5,118,34.0,6.7,1
1,4.0,3,3,12.0,6.5,1
1,14.0,7,47,24.0,6.5,1
2,10.0,6,28,16.0,6.5,1
1,6.0,2,6,8.0,7.5,1
1,11.0,0,4,15.0,7.0,1
1,36.0,10,8,49.0,7.7,1
2,14.0,3,2,19.0,7.5,1
1,9.0,0,4,11.0,7.6,1
2,5.0,1,4,10.0,5.6,1
1,571.0,192,2425,760.0,8.2,1
1,287.0,19,195,343.0,8.7,1
1,10.0,2,65,12.0,8.1,1
1,157.0,92,110,237.0,7.4,1
1,16.0,8,23,20.0,7.9,1
1,31.0,8,23,43.0,7.0,1
1,13.0,2,10,20.0,6.5,1
1,11.0,5,1,19.0,6.1,1
1,35.0,12,8,54.0,6.9,1
3,5.0,1,6,10.0,5.6,1
1,14.0,5,8,19.0,7.3,1
2,10.0,2,59,14.0,7.9,1
1,75.0,7,21,92.0,8.3,1
2,149.0,78,80,210.0,8.1,1
1,155.0,84,60,222.0,7.9,1
1,58.0,4,25,65.0,8.7,1
2,45.0,14,41,70.0,7.5,1
1,33.0,9,19,51.0,6.7,1
2,17.0,10,22,29.0,6.0,1
1,14.0,1,12,20.0,6.4,1
1,49.0,12,22,70.0,7.4,1
1,9.0,2,7,13.0,6.8,1
2,20.0,11,48,32.0,6.4,1
1,14.0,3,49,19.0,7.5,1
1,1.0,0,5,1.0,8.2,1
1,12.0,1,1,14.0,7.8,1
1,17.0,5,47,23.0,6.9,1
1,6.0,0,2,11.0,6.5,1
1,12.0,0,0,17.0,6.5,1
1,21.0,15,36,37.0,5.9,1
1,560.0,78,2593,657.0,9.0,1
1,41.0,4,184,51.0,8.4,1
1,13.0,1,20,16.0,7.9,1
2,8.0,2,6,11.0,6.6,1
2,18.0,4,9,30.0,7.3,1
1,70.0,4,59,86.0,8.3,1
1,9.0,1,4,11.0,7.7,1
1,10.0,4,10,13.0,7.5,1
1,0.0,0,4,0.0,7.9,1
1,14.0,7,12,22.0,6.8,1
1,6.0,2,9,11.0,6.0,1
1,34.0,6,144,41.0,8.3,1
1,10.0,0,8,13.0,6.9,1
1,22.0,2,20,23.0,8.8,1
2,85.0,10,275,94.0,9.0,1
2,325.0,19,1095,380.0,8.8,1
1,13.0,0,17,15.0,7.8,1
1,14.0,1,12,17.0,7.6,1
2,12.0,1,25,14.0,7.3,1
1,20.0,9,172,35.0,6.7,1
2,8.0,3,12,9.0,7.9,1
2,20.0,6,7,26.0,7.3,1
1,48.0,6,15,56.0,9.0,1
2,28.0,6,56,30.0,8.5,1
1,5.0,5,13,10.0,6.1,1
1,82.0,31,22,120.0,8.3,1
1,52.0,11,61,74.0,7.6,1
1,176.0,27,251,220.0,8.8,1
1,246.0,47,61,318.0,8.1,1
1,26.0,16,36,55.0,7.0,1
2,27.0,12,26,39.0,7.2,1
1,2.0,2,10,10.0,6.2,1
2,259.0,107,146,411.0,6.5,1
1,14.0,10,28,27.0,6.7,1
1,35.0,5,14,55.0,7.1,1
2,25.0,12,6,40.0,6.3,1
1,19.0,3,10,28.0,7.1,1
2,320.0,148,93,431.0,8.3,1
1,7.0,0,4,9.0,7.6,1
1,8.0,2,4,9.0,7.1,1
1,17.0,1,13,20.0,7.9,1
1,24.0,9,19,41.0,6.3,1
1,12.0,2,17,20.0,6.3,1
1,220.0,44,1039,324.0,7.1,1
1,61.0,10,96,85.0,7.5,1
1,2.0,2,34,5.0,8.1,1
1,151.0,23,24,194.0,8.3,1
1,203.0,80,532,305.0,7.2,1
1,99.0,18,539,107.0,9.0,1
1,47.0,15,112,78.0,6.4,1
1,1824.0,385,15399,2353.0,8.7,1
1,2429.0,522,9953,3147.0,8.7,1
1,946.0,156,5758,1231.0,8.4,1
2,1232.0,439,4478,1802.0,8.1,1
1,370.0,89,2588,509.0,8.3,1
1,1106.0,406,5387,1472.0,8.6,1
1,615.0,300,3894,936.0,7.6,1
1,387.0,97,3943,603.0,7.1,1
2,113.0,18,275,145.0,8.4,1
2,185.0,467,527,311.0,6.9,1
1,71.0,56,156,128.0,8.4,1
1,45.0,15,345,69.0,7.1,1
1,31.0,7,41,48.0,6.8,1
1,8.0,2,25,9.0,7.5,1
1,1488.0,284,5006,2065.0,8.1,1
2,983.0,355,3912,1443.0,8.2,1
3,133.0,31,742,153.0,9.3,1
2,520.0,199,1406,717.0,8.7,1
1,242.0,49,1764,333.0,7.7,1
1,400.0,35,306,503.0,8.5,1
2,107.0,54,461,164.0,7.7,1
1,99.0,34,713,141.0,7.9,1
1,366.0,130,1235,482.0,8.4,1
3,343.0,96,656,452.0,8.5,1
2,50.0,20,383,59.0,8.6,1
1,69.0,22,288,96.0,8.7,1
1,599.0,193,1306,862.0,8.0,1
1,1264.0,329,1536,1560.0,8.2,1
2,1232.0,297,855,1543.0,8.7,1
2,252.0,122,547,448.0,6.8,1
2,214.0,56,796,310.0,7.7,1
1,210.0,62,992,297.0,7.9,1
2,170.0,143,743,245.0,8.2,1
1,86.0,64,129,129.0,8.3,1
1,54.0,16,78,72.0,8.5,1
1,84.0,9,51,112.0,7.8,1
1,26.0,20,71,43.0,7.0,1
1,19.0,6,25,18.0,9.0,1
1,166.0,19,45,237.0,7.5,1
1,49.0,21,83,63.0,7.9,1
1,22.0,11,7,33.0,7.1,1
1,142.0,19,145,217.0,6.5,1
1,19.0,13,44,49.0,5.1,1
1,2.0,7,4,9.0,5.0,1
1,5.0,2,31,10.0,7.0,1
1,12.0,12,12,24.0,5.4,1
2,65.0,28,51,112.0,5.9,1
1,544.0,98,3238,617.0,9.3,1
1,770.0,197,3640,1072.0,8.2,1
1,325.0,16,247,382.0,8.8,1
1,427.0,158,999,624.0,7.9,1
1,122.0,33,329,147.0,9.1,1
1,28.0,4,23,33.0,8.3,1
1,17.0,7,71,21.0,8.5,1
3,32.0,12,112,41.0,8.5,1
2,28.0,23,57,43.0,7.4,1
1,46.0,6,19,59.0,7.5,1
1,1.0,0,2,1.0,7.2,1
1,10.0,0,5,15.0,6.2,1
2,21.0,10,30,41.0,6.0,1
1,37.0,29,74,54.0,8.0,1
1,10.0,15,17,24.0,5.7,1
3,1129.0,343,985,1421.0,8.6,1
1,70.0,4,15,104.0,7.4,1
1,12.0,6,51,17.0,7.9,1
1,74.0,7,42,103.0,7.8,1
1,187.0,14,64,270.0,7.5,1
1,20.0,8,271,35.0,6.1,1
1,205.0,29,140,246.0,8.8,1
1,126.0,39,61,173.0,8.1,1
2,128.0,21,51,195.0,7.0,1
2,62.0,19,29,80.0,7.9,1
1,3.0,7,22,17.0,5.5,1
1,177.0,10,39,229.0,8.0,1
1,12.0,1,54,13.0,8.2,1
2,14.0,7,3,24.0,6.7,1
1,10.0,1,20,12.0,8.2,1
1,37.0,14,203,58.0,6.6,1
1,151.0,29,39,227.0,6.8,1
1,32.0,9,29,44.0,7.3,1
1,222.0,46,39,312.0,7.7,1
1,18.0,1,7,25.0,6.9,1
1,24.0,11,125,36.0,6.9,1
1,173.0,20,71,207.0,8.7,1
1,14.0,3,13,19.0,7.2,1
1,17.0,2,57,24.0,7.5,1
1,44.0,18,20,58.0,7.8,1
1,4.0,2,29,9.0,5.4,1
1,15.0,3,46,17.0,7.7,1
1,4.0,1,2,5.0,7.6,1
1,1.0,0,0,1.0,7.3,1
1,13.0,0,8,18.0,6.6,1
2,9.0,4,19,9.0,8.2,1
1,6.0,3,3,8.0,7.1,1
2,6.0,2,3,9.0,6.4,1
1,17.0,10,39,29.0,5.8,1
1,35.0,3,177,43.0,8.1,1
1,23.0,7,29,33.0,7.6,1
1,8.0,0,2,15.0,6.2,1
1,0.0,0,8,0.0,7.3,1
1,46.0,1,8,56.0,8.1,1
2,25.0,0,17,26.0,8.9,1
1,59.0,9,13,93.0,6.6,1
2,56.0,13,33,78.0,7.2,1
1,10.0,2,3,18.0,6.1,1
1,23.0,3,50,28.0,8.1,1
1,20.0,5,9,23.0,7.9,1
1,9.0,4,17,15.0,5.9,1
1,271.0,26,377,316.0,8.9,1
1,316.0,47,292,369.0,8.9,1
2,18.0,3,32,32.0,6.1,1
1,47.0,29,20,74.0,7.9,1
1,32.0,13,78,52.0,7.1,1
2,25.0,6,6,41.0,6.1,1
2,10.0,5,38,25.0,5.4,1
1,11.0,0,1,12.0,7.6,1
1,38.0,15,424,51.0,7.6,1
1,13.0,4,14,17.0,7.4,1
1,0.0,0,3,1.0,8.1,1
2,18.0,4,16,20.0,8.8,1
1,6.0,0,6,16.0,5.6,1
1,6.0,1,9,7.0,7.2,1
1,10.0,0,18,11.0,8.0,1
1,387.0,108,2659,552.0,7.9,1
1,134.0,36,264,164.0,9.2,1
1,591.0,149,3861,834.0,7.9,1
1,27.0,6,111,36.0,8.3,1
1,10.0,5,45,12.0,8.2,1
1,22.0,11,106,27.0,7.9,1
2,14.0,12,93,25.0,7.7,1
1,462.0,32,717,537.0,9.0,1
1,338.0,29,278,458.0,8.2,1
1,158.0,25,574,191.0,8.9,1
2,1091.0,466,1054,1483.0,8.4,1
2,12.0,2,54,17.0,9.0,1
1,73.0,10,210,82.0,9.1,1
1,42.0,13,86,64.0,6.9,1
2,66.0,9,103,87.0,8.2,1
2,103.0,28,100,141.0,7.8,1
1,22.0,1,60,26.0,8.5,1
1,145.0,73,98,190.0,8.4,1
1,4.0,4,12,15.0,5.6,1
3,16.0,5,69,19.0,8.1,1
1,42.0,9,24,56.0,7.8,1
1,35.0,7,27,45.0,7.6,1
2,62.0,29,39,97.0,6.6,1
1,21.0,2,10,24.0,8.6,1
1,33.0,13,74,50.0,6.4,1
1,372.0,64,1324,477.0,8.4,1
1,462.0,44,364,545.0,8.8,1
1,46.0,9,36,63.0,7.3,1
1,23.0,4,18,32.0,7.6,1
1,36.0,7,10,53.0,6.8,1
1,70.0,25,16,99.0,7.0,1
1,17.0,4,24,26.0,6.3,1
1,3.0,1,7,3.0,7.4,1
1,904.0,262,3293,1207.0,8.6,1
1,433.0,49,436,525.0,8.7,1
1,394.0,80,284,442.0,8.8,1
1,466.0,130,138,610.0,8.1,1
1,36.0,13,36,43.0,8.8,1
1,171.0,52,123,224.0,8.4,1
1,39.0,15,27,50.0,8.3,1
2,94.0,108,197,195.0,5.4,1
1,3.0,4,7,4.0,7.0,1
1,101.0,33,59,142.0,7.1,1
1,41.0,24,22,62.0,7.3,1
2,105.0,60,194,162.0,7.7,1
1,41.0,5,20,59.0,7.6,1
1,62.0,15,66,93.0,6.8,1
2,1.0,4,0,10.0,5.0,1
1,11.0,4,41,16.0,6.9,1
1,30.0,16,28,47.0,6.5,1
1,10.0,3,52,11.0,8.0,1
1,15.0,11,15,20.0,6.8,1
2,1401.0,667,3749,1967.0,6.7,1
1,387.0,195,948,542.0,8.1,1
2,2773.0,677,1749,3670.0,8.3,1
1,47.0,4,29,59.0,8.1,1
1,2269.0,344,14297,2807.0,9.0,1
1,398.0,57,339,430.0,9.0,1
1,98.0,12,84,132.0,8.0,1
2,8.0,0,35,11.0,6.7,1
3,5.0,4,28,10.0,7.0,1
1,7.0,1,22,11.0,6.8,1
1,9.0,3,2,14.0,6.4,1
1,21.0,1,9,25.0,7.9,1
1,6.0,1,2,8.0,6.7,1
1,127.0,6,199,146.0,8.9,1
1,517.0,249,392,714.0,9.0,1
2,234.0,62,136,333.0,7.8,1
1,332.0,84,76,454.0,7.8,1
1,47.0,17,30,77.0,7.4,1
1,11.0,3,7,15.0,7.5,1
1,204.0,67,267,286.0,7.5,1
1,16.0,4,9,22.0,7.3,1
1,9.0,0,5,10.0,7.8,1
1,19.0,4,12,25.0,7.5,1
1,12.0,7,5,20.0,6.2,1
1,8.0,5,5,10.0,6.7,1
1,13.0,4,17,16.0,7.5,1
1,379.0,154,417,553.0,7.5,1
1,37.0,12,90,59.0,6.7,1
2,4.0,5,2,10.0,5.4,1
1,25.0,13,17,36.0,6.4,1
1,363.0,106,1960,507.0,8.3,1
1,66.0,17,898,85.0,8.2,1
1,124.0,35,1501,171.0,7.8,1
1,124.0,46,780,194.0,7.7,1
1,136.0,25,57,168.0,8.7,1
1,352.0,15,377,413.0,8.8,1
2,1151.0,403,428,1550.0,8.3,1
1,7.0,5,42,9.0,7.9,1
1,33.0,14,10,38.0,8.6,1
1,30.0,15,31,55.0,5.9,1
1,3.0,0,2,3.0,8.0,1
1,15.0,4,17,28.0,5.9,1
1,9.0,9,10,13.0,7.1,1
2,9.0,1,3,10.0,8.1,1
1,87.0,36,138,122.0,7.8,1
1,12.0,4,67,13.0,8.2,1
1,17.0,0,4,21.0,7.1,1
1,7.0,0,0,12.0,5.9,1
1,47.0,3,51,57.0,8.5,1
2,7.0,0,2,12.0,5.8,1
2,60.0,18,40,92.0,6.8,1
1,282.0,28,245,400.0,7.8,1
1,490.0,41,367,602.0,8.5,1
1,184.0,39,31,230.0,8.5,1
1,285.0,40,131,349.0,8.7,1
1,267.0,23,98,302.0,9.1,1
1,30.0,5,26,38.0,7.9,1
1,123.0,6,34,160.0,7.9,1
2,57.0,9,48,84.0,7.1,1
1,123.0,35,29,156.0,7.8,1
1,95.0,18,69,133.0,7.6,1
2,12.0,2,12,20.0,6.4,1
1,95.0,10,33,120.0,8.1,1
1,57.0,26,92,93.0,7.0,1
2,19.0,3,13,28.0,6.8,1
1,21.0,8,15,27.0,7.7,1
1,30.0,14,69,57.0,5.9,1
1,36.0,11,52,61.0,6.2,1
1,38.0,9,25,74.0,5.9,1
1,40.0,11,64,74.0,6.2,1
2,19.0,12,62,45.0,5.6,1
2,138.0,32,65,191.0,7.2,1
1,22.0,2,14,28.0,7.4,1
1,24.0,6,18,42.0,6.3,1
1,42.0,10,26,55.0,7.3,1
1,30.0,3,45,34.0,8.3,1
1,119.0,16,58,186.0,6.9,1
1,42.0,5,44,76.0,6.2,1
1,35.0,9,51,42.0,8.4,1
1,18.0,6,16,26.0,7.0,1
1,8.0,1,3,12.0,6.5,1
1,6.0,1,2,11.0,5.8,1
1,10.0,3,8,14.0,7.1,1
1,21.0,2,13,28.0,7.5,1
1,12.0,2,13,16.0,7.0,1
2,25.0,5,90,34.0,7.9,1
1,10.0,1,2,14.0,7.1,1
1,5.0,1,2,9.0,5.8,1
1,14.0,1,60,15.0,8.5,1
2,93.0,20,44,169.0,6.1,1
2,5.0,2,6,8.0,6.1,1
1,13.0,67,24,23.0,5.8,1
1,168.0,21,173,247.0,7.6,1
1,1.0,0,4,2.0,7.1,1
1,11.0,3,6,16.0,7.2,1
1,18.0,5,10,25.0,7.6,1
1,134.0,9,70,157.0,8.6,1
1,54.0,29,30,72.0,7.9,1
1,3.0,0,4,3.0,7.6,1
2,92.0,9,223,109.0,8.5,1
1,48.0,8,98,56.0,8.3,1
1,10.0,9,117,37.0,8.1,1
1,27.0,6,17,32.0,8.2,1
1,6.0,0,52,8.0,7.6,1
1,5.0,1,3,8.0,6.1,1
2,14.0,7,4,19.0,6.8,1
3,1334.0,457,5971,1820.0,8.7,1
1,159.0,46,1301,211.0,8.3,1
1,444.0,196,4331,955.0,5.8,1
1,455.0,171,925,642.0,8.2,1
1,112.0,36,745,156.0,7.8,1
1,63.0,26,214,92.0,8.0,1
1,15.0,8,111,17.0,8.6,1
2,397.0,110,125,525.0,8.4,1
2,129.0,25,62,154.0,8.7,1
1,13.0,2,175,14.0,8.4,1
1,34.0,3,68,40.0,8.5,1
1,109.0,12,43,140.0,8.2,1
2,151.0,30,415,173.0,8.9,1
1,48.0,35,47,71.0,7.7,1
1,248.0,37,83,292.0,9.1,1
1,117.0,17,76,146.0,8.5,1
1,64.0,25,131,102.0,6.9,1
1,36.0,15,109,47.0,7.9,1
1,155.0,18,78,178.0,8.8,1
1,1918.0,418,21913,2406.0,8.9,1
1,925.0,284,4922,1175.0,9.1,1
1,1529.0,660,1940,2113.0,8.9,1
1,998.0,335,3534,1340.0,8.6,1
4,556.0,144,1958,732.0,8.8,1
3,68.0,17,221,85.0,8.8,1
1,340.0,28,208,294.0,9.4,1
1,194.0,76,797,281.0,7.8,1
1,29.0,17,52,46.0,7.3,1
1,94.0,11,30,133.0,7.1,1
1,8.0,5,19,13.0,7.7,1
1,21.0,10,11,31.0,7.4,1
1,472.0,63,3718,556.0,9.0,1
1,125.0,52,665,163.0,9.0,1
2,203.0,91,773,276.0,8.3,1
2,225.0,118,1103,340.0,7.8,1
2,296.0,142,703,453.0,7.6,1
1,19.0,3,38,22.0,8.5,1
2,507.0,300,767,784.0,8.1,1
1,26.0,2,21,32.0,8.1,1
3,23.0,17,63,46.0,5.9,1
1,8.0,2,15,10.0,7.3,1
1,18.0,1,9,20.0,8.2,1
1,21.0,3,26,28.0,7.8,1
2,380.0,192,185,616.0,6.6,1
1,4.0,3,61,4.0,7.8,1
2,9.0,1,26,12.0,7.0,1
1,21.0,14,127,24.0,8.5,1
1,1.0,6,6,9.0,5.0,1
1,3773.0,815,19924,5210.0,8.0,1
2,1284.0,465,4511,1825.0,8.3,1
1,594.0,128,961,720.0,9.2,1
1,146.0,38,569,184.0,8.8,1
1,86.0,84,163,181.0,6.8,1
1,271.0,64,178,359.0,8.2,1
1,8.0,5,68,8.0,7.8,1
2,371.0,128,556,524.0,7.9,1
1,396.0,41,121,480.0,8.9,1
2,75.0,20,54,94.0,8.1,1
2,1.0,6,17,9.0,5.3,1
1,3.0,0,8,2.0,6.8,1
1,11.0,2,5,18.0,5.9,1
2,25.0,11,33,39.0,6.1,1
1,17.0,8,13,31.0,5.7,1
2,26.0,9,2,38.0,6.9,1
1,8.0,3,8,11.0,7.6,1
1,107.0,33,20,139.0,8.1,1
1,36.0,13,25,52.0,6.6,1
1,45.0,22,23,75.0,5.8,1
2,13.0,11,26,30.0,5.3,1
1,164.0,14,44,202.0,8.4,1
1,12.0,6,10,14.0,8.8,1
1,10.0,7,5,10.0,8.2,1
1,38.0,18,26,47.0,7.4,1
1,19.0,6,14,24.0,8.0,1
1,11.0,0,31,12.0,7.1,1
1,4.0,2,15,8.0,5.8,1
1,785.0,110,533,959.0,8.7,1
1,157.0,21,299,185.0,8.9,1
1,397.0,98,797,507.0,8.8,1
2,143.0,62,95,208.0,7.7,1
1,1342.0,303,2775,1752.0,8.4,1
1,272.0,98,645,392.0,7.4,1
1,149.0,42,82,186.0,8.5,1
1,8.0,2,57,9.0,8.0,1
1,574.0,196,177,712.0,8.9,1
1,146.0,80,269,218.0,7.3,1
1,9.0,5,1,12.0,6.7,1
1,27.0,9,17,41.0,6.2,1
1,33.0,15,20,54.0,6.5,1
1,10.0,1,5,13.0,7.3,1
1,232.0,53,1826,297.0,8.5,1
1,1691.0,524,5316,2263.0,8.5,1
1,69.0,33,529,110.0,7.4,1
1,94.0,19,43,117.0,8.6,1
1,310.0,207,1969,656.0,5.5,1
3,508.0,187,323,849.0,6.4,1
2,121.0,46,156,195.0,7.0,1
1,7.0,0,4,9.0,7.2,1
2,6.0,41,87,10.0,6.4,1
1,129.0,34,1482,176.0,8.0,1
1,293.0,96,2110,365.0,8.8,1
1,8.0,4,67,15.0,7.0,1
1,205.0,73,1395,242.0,8.8,1
2,416.0,114,1155,567.0,8.3,1
2,260.0,69,372,418.0,7.1,1
3,13.0,7,36,15.0,8.6,1
1,9.0,0,49,9.0,8.1,1
1,186.0,74,252,263.0,6.8,1
2,875.0,196,951,1274.0,7.7,1
1,8.0,3,15,12.0,6.7,1
1,6.0,4,5,11.0,8.1,1
1,18.0,9,49,34.0,5.7,1
1,212.0,58,1392,264.0,8.4,1
2,53.0,34,392,88.0,7.5,1
1,42.0,4,27,62.0,7.2,1
1,11.0,7,9,13.0,7.7,1
1,321.0,86,2237,390.0,8.9,1
1,7.0,1,45,9.0,7.5,1
1,7.0,0,17,13.0,6.2,1
1,29.0,7,10,47.0,6.1,1
1,313.0,41,2878,384.0,8.8,1
1,517.0,154,4641,689.0,8.4,1
1,597.0,166,4274,805.0,8.3,1
1,556.0,85,5032,712.0,8.4,1
2,2202.0,205,3175,2616.0,8.8,1
1,162.0,39,288,231.0,7.6,1
1,142.0,17,567,174.0,8.3,1
1,124.0,6,338,143.0,8.8,1
2,36.0,19,355,57.0,7.0,1
2,24.0,11,211,37.0,7.6,1
4,46.0,26,182,61.0,8.4,1
1,36.0,5,142,48.0,7.6,1
1,10.0,0,61,10.0,8.5,1
1,13.0,2,38,14.0,8.2,1
2,472.0,289,459,840.0,6.1,1
1,169.0,55,171,233.0,7.8,1
1,109.0,15,164,128.0,8.7,1
1,174.0,251,221,293.0,8.1,1
1,39.0,3,47,41.0,9.2,1
2,1046.0,512,612,1446.0,7.6,1
1,49.0,14,47,64.0,8.1,1
1,13.0,4,140,14.0,8.0,1
1,39.0,11,37,64.0,6.4,1
2,21.0,7,25,31.0,7.4,1
1,75.0,24,12,100.0,7.6,1
1,281.0,34,156,342.0,8.5,1
1,11.0,3,16,22.0,6.2,1
1,2.0,0,1,2.0,7.6,1
1,71.0,57,101,122.0,7.1,1
2,10.0,4,2,19.0,5.5,1
1,18.0,4,5,23.0,7.7,1
1,3.0,4,8,8.0,5.4,1
1,50.0,15,101,60.0,8.6,1
1,5.0,3,3,8.0,6.0,1
1,219.0,24,575,283.0,8.2,1
1,104.0,9,182,121.0,8.5,1
1,81.0,26,190,126.0,6.9,1
2,71.0,37,136,141.0,5.5,1
1,2.0,1,4,3.0,8.0,1
1,40.0,6,81,61.0,7.0,1
1,12.0,2,4,14.0,7.8,1
2,119.0,77,978,211.0,6.7,1
1,16.0,9,137,26.0,6.8,1
1,137.0,75,616,178.0,9.1,1
1,36.0,8,80,43.0,8.4,1
1,21.0,5,95,34.0,6.5,1
1,38.0,11,55,46.0,8.3,1
1,31.0,4,68,44.0,7.1,1
2,15.0,13,72,27.0,6.7,1
2,7.0,2,2,17.0,5.4,1
1,16.0,4,16,24.0,6.5,1
1,10.0,11,24,15.0,6.7,1
1,17.0,12,43,41.0,5.5,1
2,6.0,3,10,10.0,6.5,1
2,5.0,1,4,9.0,6.2,1
1,23.0,4,165,29.0,7.7,1
1,13.0,4,19,13.0,8.7,1
3,274.0,71,174,340.0,8.9,1
1,10.0,4,66,12.0,7.2,1
1,29.0,15,59,43.0,6.7,1
1,16.0,2,33,18.0,8.5,1
1,27.0,9,26,35.0,7.7,1
1,151.0,74,194,190.0,8.8,1
1,312.0,49,582,375.0,8.8,1
2,156.0,82,676,241.0,7.5,1
2,52.0,7,59,75.0,7.2,1
1,33.0,6,28,44.0,7.8,1
2,33.0,1,14,42.0,7.8,1
1,133.0,18,78,151.0,9.1,1
2,31.0,6,11,45.0,7.1,1
2,33.0,4,31,51.0,6.7,1
1,11.0,1,19,15.0,7.1,1
1,4.0,1,15,4.0,7.2,1
1,12.0,4,5,17.0,7.1,1
1,0.0,0,3,0.0,6.8,1
1,33.0,9,58,41.0,7.6,1
1,41.0,6,20,62.0,6.4,1
1,8.0,4,5,16.0,5.5,1
2,7.0,2,4,9.0,6.8,1
1,8.0,6,10,11.0,6.7,1
1,272.0,33,84,335.0,8.3,1
1,42.0,6,22,55.0,8.0,1
2,22.0,2,12,22.0,9.1,1
2,15.0,8,19,24.0,6.7,1
1,103.0,10,56,134.0,7.8,1
1,34.0,3,32,40.0,8.3,1
1,46.0,8,23,62.0,7.7,1
1,4.0,1,3,12.0,5.5,1
1,15.0,2,17,17.0,7.9,1
1,2.0,0,0,2.0,7.2,1
1,184.0,22,282,202.0,9.3,1
2,178.0,31,43,239.0,7.6,1
1,4.0,0,2,8.0,5.7,1
1,2.0,0,5,2.0,7.6,1
1,9.0,3,77,12.0,7.4,1
1,32.0,2,20,49.0,6.9,1
2,44.0,13,202,59.0,7.9,1
1,10.0,0,19,11.0,8.3,1
2,42.0,10,34,65.0,6.8,1
1,9.0,4,14,12.0,7.6,1
1,33.0,7,34,50.0,7.0,1
2,12.0,2,9,22.0,6.1,1
1,834.0,48,711,972.0,9.1,1
1,12.0,4,23,22.0,6.3,1
1,74.0,9,116,84.0,8.7,1
1,23.0,7,22,37.0,6.6,1
2,7.0,2,3,9.0,7.4,1
1,20.0,3,14,31.0,6.7,1
3,10.0,7,31,23.0,5.8,1
1,28.0,2,28,37.0,7.3,1
1,23.0,4,24,26.0,8.6,1
1,83.0,48,59,119.0,8.8,1
1,1.0,0,0,2.0,6.5,1
2,16.0,1,0,28.0,6.4,1
1,1.0,1,57,3.0,7.6,1
1,9.0,3,29,10.0,8.4,1
1,14.0,1,67,14.0,8.9,1
1,4.0,2,5,4.0,8.0,1
1,11.0,5,30,11.0,8.6,1
2,3651.0,393,7497,4232.0,9.1,1
1,512.0,162,4132,592.0,9.3,1
1,839.0,198,1461,1041.0,8.8,1
1,146.0,18,465,164.0,9.2,1
2,15.0,2,86,19.0,7.6,1
1,599.0,189,577,753.0,8.9,1
1,298.0,37,260,361.0,8.6,1
1,142.0,46,247,197.0,8.6,1
1,156.0,27,300,199.0,8.3,1
2,14.0,7,63,21.0,7.7,1
1,7.0,3,54,8.0,7.8,1
1,223.0,81,595,343.0,7.0,1
1,109.0,33,112,152.0,8.0,1
1,117.0,60,341,181.0,7.1,1
2,112.0,27,374,138.0,8.7,1
1,104.0,21,51,140.0,8.3,1
1,2.0,1,6,3.0,7.8,1
2,59.0,18,32,76.0,7.9,1
1,52.0,18,68,74.0,7.6,1
1,38.0,13,50,65.0,6.4,1
2,18.0,4,64,25.0,7.1,1
2,72.0,25,34,128.0,6.2,1
2,118.0,37,36,158.0,7.8,1
1,38.0,19,36,51.0,7.4,1
1,7.0,2,8,8.0,7.6,1
1,30.0,9,7,48.0,6.8,1
1,151.0,25,58,197.0,8.4,1
1,167.0,32,121,237.0,7.6,1
1,49.0,21,66,57.0,8.6,1
1,22.0,6,7,22.0,9.0,1
1,54.0,12,39,63.0,8.4,1
1,11.0,2,15,12.0,8.2,1
1,23.0,2,13,27.0,7.9,1
1,65.0,12,49,81.0,8.1,1
1,150.0,24,45,133.0,8.1,1
1,21.0,6,10,31.0,6.5,1
1,246.0,52,181,293.0,8.9,1
1,17.0,6,97,25.0,8.0,1
1,9.0,1,5,13.0,6.7,1
1,13.0,2,10,20.0,6.6,1
1,8.0,4,3,12.0,6.1,1
1,164.0,52,161,193.0,9.1,1
1,159.0,76,61,230.0,8.7,1
1,50.0,21,154,68.0,8.0,1
1,80.0,22,41,112.0,7.5,1
1,4.0,4,15,9.0,6.3,1
1,26.0,14,43,40.0,6.7,1
1,114.0,16,106,159.0,7.2,1
1,1.0,5,33,11.0,6.0,1
1,15.0,6,4,18.0,7.7,1
1,13.0,29,71,31.0,5.1,1
1,15.0,7,16,31.0,5.6,1
2,304.0,143,1504,470.0,8.3,1
4,171.0,111,655,277.0,7.6,1
1,170.0,83,659,239.0,8.0,1
1,43.0,21,633,64.0,6.9,1
2,126.0,16,89,155.0,8.5,1
2,481.0,100,1230,614.0,8.3,1
1,268.0,39,100,337.0,8.5,1
2,386.0,213,314,551.0,8.1,1
1,11.0,2,21,16.0,7.6,1
1,29.0,18,38,42.0,6.6,1
1,75.0,17,146,97.0,8.4,1
2,22.0,5,18,30.0,7.7,1
1,15.0,5,11,19.0,8.1,1
1,36.0,3,8,52.0,7.4,1
1,6.0,1,8,10.0,6.9,1
1,443.0,113,1479,555.0,8.7,1
1,122.0,15,22,164.0,7.7,1
1,188.0,46,2487,244.0,8.1,1
1,629.0,131,6267,805.0,8.5,1
2,1947.0,178,3515,2219.0,9.2,1
1,560.0,124,4489,743.0,8.2,1
3,987.0,195,2126,1221.0,8.8,1
1,259.0,73,748,328.0,8.8,1
1,349.0,86,662,484.0,8.0,1
1,88.0,10,77,164.0,6.2,1
1,654.0,255,1084,1084.0,7.1,1
1,176.0,55,213,233.0,8.4,1
1,111.0,38,645,150.0,8.1,1
1,137.0,31,830,192.0,7.6,1
3,398.0,95,615,581.0,7.5,1
1,402.0,22,488,387.0,9.1,1
1,99.0,15,91,131.0,8.1,1
1,114.0,15,55,189.0,6.4,1
1,7.0,0,47,8.0,7.5,1
1,36.0,4,40,40.0,8.6,1
3,263.0,96,392,368.0,7.7,1
1,24.0,11,62,30.0,9.0,1
1,10.0,4,3,10.0,8.3,1
1,41.0,16,44,55.0,8.0,1
2,25.0,10,54,34.0,8.1,1
1,5.0,5,11,8.0,6.7,1
1,673.0,200,3940,874.0,8.7,1
1,92.0,18,803,116.0,8.4,1
1,60.0,28,65,85.0,7.5,1
2,23.0,12,24,36.0,6.7,1
1,17.0,9,8,25.0,6.5,1
2,5.0,6,9,8.0,6.1,1
1,4.0,0,5,8.0,5.7,1
1,378.0,227,376,540.0,8.1,1
2,6.0,3,12,9.0,6.8,1
1,93.0,28,60,118.0,8.2,1
2,8.0,4,37,18.0,5.6,1
1,6.0,5,1,13.0,5.5,1
1,14.0,0,17,15.0,7.1,1
1,2.0,0,1,3.0,7.0,1
1,4.0,1,15,4.0,7.8,1
1,19.0,11,39,29.0,6.5,1
1,11.0,3,25,13.0,7.6,1
1,12.0,0,16,12.0,8.1,1
1,14.0,5,21,23.0,6.2,1
1,10.0,5,39,12.0,7.6,1
1,23.0,2,108,47.0,5.7,1
1,5.0,2,8,11.0,5.5,1
1,2.0,1,1,2.0,7.6,1
2,93.0,22,21,143.0,6.5,1
2,47.0,14,95,68.0,7.6,1
3,27.0,2,49,29.0,8.5,1
1,8.0,1,3,9.0,7.3,1
3,8.0,1,4,10.0,7.4,1
2,2305.0,246,4921,2671.0,9.2,1
1,213.0,16,240,255.0,8.6,1
4,444.0,173,665,697.0,7.2,1
2,434.0,108,414,581.0,8.4,1
2,303.0,82,401,413.0,8.3,1
3,576.0,178,728,793.0,8.0,1
1,37.0,17,28,56.0,6.9,1
1,61.0,28,138,85.0,8.0,1
1,61.0,17,40,86.0,7.6,1
1,51.0,18,153,87.0,6.6,1
1,38.0,11,21,59.0,6.8,1
2,19.0,6,35,22.0,8.5,1
2,127.0,15,105,154.0,8.7,1
2,31.0,11,42,51.0,6.4,1
2,286.0,71,377,412.0,7.3,1
1,21.0,1,16,25.0,8.1,1
1,81.0,32,229,129.0,6.4,1
1,27.0,10,37,42.0,7.4,1
1,4.0,2,23,9.0,6.4,1
2,143.0,61,121,246.0,6.3,1
1,10.0,3,17,16.0,7.2,1
1,12.0,10,60,13.0,8.3,1
2,8.0,5,10,10.0,7.4,1
1,123.0,12,58,184.0,7.0,1
1,25.0,7,8,36.0,7.6,1
1,4.0,2,11,11.0,5.6,1
1,118.0,26,61,160.0,7.1,1
1,836.0,220,5797,1022.0,9.0,1
2,8.0,3,16,8.0,8.4,1
2,74.0,20,41,93.0,8.5,1
1,110.0,13,86,129.0,8.8,1
2,27.0,0,19,32.0,8.2,1
1,19.0,1,10,23.0,7.7,1
2,10.0,4,50,15.0,7.0,1
2,9.0,8,21,20.0,6.6,1
2,7.0,0,12,10.0,6.4,1
1,554.0,43,588,660.0,8.8,1
1,140.0,3,191,186.0,8.0,1
2,143.0,26,473,183.0,8.6,1
1,10.0,2,77,16.0,7.6,1
1,8.0,3,14,12.0,6.9,1
1,6.0,0,2,9.0,7.8,1
1,111.0,9,81,136.0,8.3,1
2,11.0,2,25,17.0,8.7,1
1,52.0,20,80,71.0,7.9,1
1,15.0,5,34,16.0,8.6,1
1,22.0,5,28,27.0,7.7,1
1,42.0,15,152,55.0,8.5,1
1,240.0,44,87,287.0,8.8,1
1,34.0,6,14,43.0,7.8,1
2,32.0,6,13,44.0,7.3,1
2,9.0,0,12,10.0,7.7,1
1,28.0,10,151,36.0,7.3,1
2,5.0,0,9,8.0,6.1,1
1,17.0,8,181,26.0,7.4,1
1,103.0,14,21,125.0,8.5,1
2,14.0,2,2,16.0,8.0,1
1,410.0,171,2521,518.0,8.6,1
1,21.0,7,32,32.0,7.0,1
1,28.0,5,18,36.0,8.1,1
1,125.0,19,49,174.0,7.6,1
1,8.0,1,2,10.0,7.6,1
2,18.0,3,5,22.0,7.6,1
1,24.0,1,81,29.0,8.4,1
1,25.0,2,13,33.0,7.6,1
1,7.0,3,34,12.0,6.5,1
1,10.0,0,3,13.0,7.8,1
1,63.0,13,163,85.0,8.0,1
1,17.0,1,5,27.0,6.7,1
1,3.0,1,14,6.0,7.1,1
1,11.0,3,76,13.0,8.0,1
2,54.0,15,140,97.0,6.1,1
2,1524.0,557,6153,2153.0,8.1,1
1,97.0,39,839,123.0,8.6,1
1,163.0,30,100,212.0,8.2,1
1,102.0,26,811,138.0,8.1,1
1,65.0,6,64,90.0,7.7,1
1,28.0,6,163,40.0,7.6,1
4,102.0,93,316,176.0,7.7,1
1,110.0,43,623,139.0,8.0,1
1,19.0,14,28,23.0,8.1,1
1,23.0,6,91,25.0,8.3,1
1,3.0,5,46,10.0,5.7,1
1,1.0,0,2,2.0,7.6,1
2,16.0,4,5,25.0,6.5,1
1,7.0,3,26,5.0,8.0,1
1,108.0,24,53,152.0,7.3,1
1,8.0,2,18,10.0,7.3,1
1,34.0,12,222,37.0,8.4,1
1,39.0,17,212,61.0,6.9,1
1,2.0,0,1,2.0,8.0,1
1,86.0,52,84,120.0,7.7,1
2,487.0,72,234,560.0,8.8,1
3,285.0,140,409,410.0,7.5,1
1,7.0,1,5,13.0,7.1,1
1,478.0,90,305,561.0,9.1,1
2,36.0,11,104,52.0,7.5,1
2,5.0,4,68,13.0,6.1,1
1,89.0,11,27,105.0,9.1,1
1,48.0,8,10,57.0,8.5,1
1,345.0,19,120,401.0,9.0,1
1,13.0,12,38,21.0,6.8,1
2,426.0,156,1041,546.0,8.7,1
1,62.0,22,322,91.0,7.7,1
3,193.0,36,69,297.0,7.0,1
1,144.0,49,534,198.0,8.1,1
1,83.0,15,23,127.0,6.8,1
2,212.0,88,178,330.0,7.1,1
1,55.0,6,29,78.0,7.1,1
1,103.0,48,72,132.0,8.2,1
1,19.0,15,48,29.0,7.2,1
1,49.0,12,100,67.0,8.5,1
1,129.0,16,71,169.0,8.1,1
1,14.0,4,26,20.0,7.7,1
1,51.0,6,32,61.0,8.8,1
1,11.0,8,11,12.0,8.1,1
1,8.0,1,7,9.0,7.7,1
2,21.0,13,20,36.0,6.7,1
1,1770.0,475,7916,2352.0,8.4,1
2,1113.0,307,1147,1457.0,8.4,1
1,42.0,17,108,61.0,7.9,1
1,107.0,25,55,173.0,6.8,1
1,17.0,3,107,28.0,6.4,1
1,100.0,36,403,128.0,8.8,1
1,10.0,1,7,14.0,7.2,1
1,16.0,9,160,22.0,7.1,1
1,7.0,10,45,8.0,7.4,1
4,7.0,0,4,9.0,7.0,1
1,224.0,71,875,301.0,8.2,1
1,22.0,12,134,38.0,7.1,1
1,73.0,48,36,115.0,6.8,1
1,11.0,3,4,14.0,7.3,1
1,63.0,10,551,72.0,8.9,1
1,49.0,26,528,81.0,7.3,1
1,36.0,5,162,48.0,7.6,1
1,10.0,1,19,14.0,7.7,1
1,22.0,5,60,26.0,8.1,1
1,7.0,0,14,7.0,8.0,1
1,13.0,3,33,17.0,8.1,1
1,23.0,10,107,46.0,6.1,1
1,7.0,2,27,8.0,7.6,1
1,62.0,3,48,74.0,8.6,1
1,17.0,4,26,21.0,8.0,1
1,18.0,2,6,22.0,7.2,1
1,38.0,28,22,58.0,7.7,1
1,8.0,3,15,10.0,6.4,1
1,12.0,3,21,18.0,7.0,1
1,13.0,7,13,22.0,6.3,1
1,12.0,7,8,20.0,6.5,1
1,17.0,7,14,20.0,7.7,1
1,2465.0,631,14536,3283.0,8.6,1
1,419.0,73,1537,490.0,9.2,1
1,950.0,394,3998,1377.0,8.2,1
1,868.0,80,2075,1005.0,9.0,1
1,23.0,3,231,31.0,7.8,1
1,75.0,30,431,94.0,8.4,1
1,65.0,10,503,78.0,8.6,1
2,47.0,10,136,62.0,8.3,1
3,162.0,43,431,207.0,8.5,1
1,1192.0,538,4153,1890.0,7.1,1
1,359.0,103,994,453.0,8.7,1
1,37.0,24,469,49.0,8.4,1
1,332.0,52,114,420.0,8.5,1
1,151.0,62,128,207.0,8.8,1
1,205.0,34,80,274.0,7.7,1
2,30.0,17,17,50.0,6.5,1
1,32.0,6,37,38.0,8.0,1
1,8.0,0,15,8.0,8.1,1
1,244.0,111,482,423.0,6.2,1
1,9.0,6,24,13.0,6.7,1
1,15.0,5,31,24.0,6.2,1
1,5.0,8,19,18.0,5.0,1
1,9.0,3,35,21.0,5.1,1
1,37.0,6,150,48.0,7.3,1
1,10.0,0,22,10.0,7.8,1
1,7.0,1,15,9.0,6.8,1
1,3.0,11,56,10.0,6.9,1
1,9.0,0,3,10.0,7.7,1
1,1108.0,308,7370,1360.0,9.0,1
1,130.0,46,900,161.0,8.8,1
1,175.0,17,328,210.0,8.7,1
1,216.0,35,168,269.0,8.4,1
1,6.0,3,7,9.0,7.2,1
1,37.0,31,88,47.0,8.0,1
1,48.0,8,16,79.0,5.7,1
1,56.0,3,33,66.0,8.5,1
1,7.0,2,3,12.0,5.9,1
1,184.0,59,176,254.0,7.3,1
1,9.0,7,17,22.0,5.3,1
2,37.0,16,24,55.0,7.5,1
1,18.0,18,16,42.0,5.2,1
1,6.0,1,2,9.0,6.6,1
1,36.0,15,275,56.0,7.3,1
1,15.0,2,12,20.0,7.1,1
2,5.0,3,2,11.0,5.6,1
1,177.0,21,185,260.0,7.6,1
3,1300.0,242,697,1583.0,8.8,1
2,186.0,64,523,289.0,7.0,1
2,180.0,28,154,240.0,8.1,1
2,152.0,53,135,223.0,7.5,1
2,42.0,22,71,78.0,6.4,1
1,20.0,7,38,31.0,6.6,1
2,19.0,9,48,27.0,7.1,1
1,87.0,49,83,113.0,8.0,1
1,20.0,2,13,25.0,8.3,1
1,4.0,2,6,6.0,7.1,1
2,10.0,8,60,15.0,6.3,1
1,5.0,2,2,8.0,6.6,1
1,2.0,0,6,2.0,7.7,1
2,8.0,0,0,9.0,7.3,1
1,46.0,3,138,53.0,8.5,1
1,23.0,4,49,24.0,9.2,1
1,19.0,5,22,25.0,8.0,1
1,35.0,1,14,53.0,6.9,1
2,44.0,13,16,68.0,6.8,1
1,38.0,16,392,49.0,8.1,1
2,51.0,11,33,73.0,7.1,1
1,23.0,4,26,34.0,7.1,1
1,12.0,1,26,12.0,8.4,1
1,26.0,6,11,33.0,7.9,1
2,10.0,3,10,24.0,5.3,1
1,6.0,1,3,12.0,6.3,1
1,7.0,1,14,11.0,6.4,1
1,14.0,3,2,16.0,8.0,1
1,6.0,4,6,8.0,7.8,1
1,8.0,0,3,19.0,5.4,1
2,79.0,15,26,104.0,7.8,1
1,83.0,11,24,97.0,8.6,1
1,12.0,20,221,14.0,8.5,1
1,961.0,146,4246,1094.0,9.2,1
1,356.0,44,546,418.0,8.8,1
1,151.0,24,52,174.0,8.8,1
1,108.0,23,150,144.0,8.3,1
1,180.0,56,553,277.0,7.2,1
1,53.0,23,114,69.0,8.1,1
2,12.0,5,31,13.0,8.3,1
2,19.0,4,11,37.0,5.8,1
1,10.0,0,5,10.0,8.4,1
1,10.0,0,34,13.0,7.3,1
2,265.0,43,121,379.0,7.5,1
1,151.0,12,40,182.0,8.7,1
1,121.0,15,58,148.0,8.6,1
1,77.0,7,26,101.0,7.9,1
1,10.0,1,16,13.0,7.8,1
1,7.0,0,7,11.0,6.5,1
2,37.0,6,22,49.0,7.4,1
1,8.0,2,13,16.0,5.7,1
1,13.0,4,13,17.0,6.9,1
1,142.0,20,343,172.0,8.8,1
2,9.0,2,7,13.0,7.2,1
1,37.0,2,15,49.0,7.6,1
1,8.0,2,73,16.0,7.4,1
1,33.0,4,136,38.0,8.4,1
1,14.0,1,6,15.0,8.2,1
1,61.0,7,26,86.0,7.2,1
1,9.0,0,7,10.0,7.9,1
1,15.0,2,11,22.0,6.4,1
1,4.0,1,6,11.0,5.8,1
1,8.0,2,6,9.0,7.8,1
1,22.0,5,2,30.0,7.4,1
3,8.0,6,2,14.0,6.8,1
1,13.0,3,356,15.0,8.3,1
1,8.0,5,106,11.0,7.6,1
1,2.0,0,5,5.0,6.5,1
1,13.0,0,2,19.0,6.5,1
1,7.0,1,210,10.0,7.1,1
1,1.0,0,3,1.0,8.1,1
1,4.0,4,8,8.0,6.2,1
1,18.0,7,48,20.0,8.2,1
1,1.0,0,7,5.0,7.0,1
1,12.0,1,53,15.0,7.1,1
1,12.0,0,25,12.0,8.1,1
1,478.0,99,3340,584.0,8.9,1
1,82.0,31,262,113.0,8.0,1
1,271.0,70,1509,354.0,8.2,1
1,15.0,4,21,18.0,7.9,1
1,471.0,51,1516,545.0,9.1,1
1,368.0,111,3179,486.0,8.3,1
1,45.0,5,13,60.0,7.4,1
2,11.0,7,4,16.0,6.8,1
1,129.0,54,137,166.0,9.0,1
1,4.0,4,40,5.0,7.4,1
2,217.0,77,361,288.0,8.3,1
1,141.0,66,331,193.0,8.2,1
2,10.0,2,13,11.0,7.8,1
2,7.0,5,7,19.0,5.0,1
1,37.0,17,21,46.0,7.8,1
1,27.0,8,22,38.0,6.5,1
1,52.0,10,5,59.0,8.6,1
1,16.0,5,9,23.0,7.3,1
1,7.0,1,7,9.0,7.7,1
1,367.0,54,529,433.0,9.0,1
1,70.0,7,38,87.0,8.4,1
2,403.0,197,199,552.0,8.2,1
2,55.0,11,70,83.0,7.0,1
1,17.0,5,19,22.0,7.7,1
1,58.0,16,36,79.0,8.3,1
1,25.0,8,26,33.0,7.9,1
1,21.0,14,35,35.0,6.7,1
1,107.0,16,170,131.0,8.4,1
1,120.0,43,770,174.0,7.9,1
1,136.0,23,370,210.0,7.1,1
1,23.0,4,45,28.0,8.1,1
1,191.0,20,60,256.0,8.1,1
1,75.0,17,86,108.0,7.6,1
2,63.0,36,22,84.0,7.4,1
1,684.0,98,2606,770.0,9.3,1
1,413.0,119,2635,538.0,8.5,1
2,39.0,13,40,46.0,8.9,1
1,110.0,36,476,146.0,7.9,1
1,236.0,23,45,301.0,8.1,1
1,126.0,36,730,182.0,7.4,1
1,22.0,9,79,30.0,7.3,1
1,150.0,60,267,240.0,7.0,1
1,9.0,5,50,15.0,7.5,1
1,66.0,50,181,109.0,7.2,1
1,81.0,34,99,119.0,8.1,1
1,44.0,16,68,63.0,7.6,1
1,109.0,78,186,171.0,7.7,1
1,12.0,4,22,18.0,6.8,1
1,103.0,37,688,124.0,8.8,1
1,12.0,8,324,14.0,8.4,1
1,2.0,0,2,3.0,6.6,1
1,6.0,0,1,9.0,6.8,1
1,27.0,12,53,37.0,8.0,1
1,6.0,3,6,8.0,6.7,1
1,17.0,4,22,20.0,8.0,1
1,4.0,4,18,8.0,6.0,1
2,30.0,10,62,44.0,7.1,1
1,9.0,0,35,10.0,8.0,1
1,3.0,0,3,3.0,7.3,1
1,6.0,0,19,8.0,8.0,1
1,241.0,33,229,285.0,8.7,1
1,8.0,3,11,8.0,8.2,1
1,13.0,6,23,23.0,6.4,1
1,8.0,0,12,9.0,7.5,1
1,2.0,1,6,10.0,5.1,1
1,5.0,0,7,10.0,5.6,1
1,73.0,11,117,95.0,7.8,1
1,7.0,1,10,8.0,7.8,1
1,39.0,18,211,50.0,8.5,1
1,6.0,8,15,14.0,5.8,1
2,11.0,2,2,12.0,7.8,1
1,82.0,29,31,119.0,7.5,1
1,0.0,0,0,0.0,7.4,1
1,6.0,1,12,9.0,6.8,1
1,52.0,10,53,69.0,7.8,1
1,30.0,2,5,41.0,7.6,1
2,7.0,0,1,14.0,6.1,1
1,81.0,25,79,103.0,7.7,1
1,20.0,0,3,24.0,8.1,1
2,6.0,5,4,13.0,5.8,1
1,1.0,0,5,1.0,6.7,1
1,6.0,1,2,9.0,6.9,1
1,267.0,33,734,303.0,9.0,1
1,13.0,2,39,16.0,7.3,1
1,17.0,4,15,26.0,6.5,1
1,20.0,1,71,24.0,8.4,1
1,81.0,20,47,99.0,8.6,1
1,11.0,2,15,14.0,7.8,1
1,0.0,0,3,0.0,8.3,1
1,4.0,4,1,11.0,5.2,1
2,9.0,4,9,11.0,7.6,1
1,28.0,2,13,39.0,7.8,1
1,13.0,2,8,16.0,7.7,1
2,13.0,2,9,17.0,7.3,1
1,48.0,9,54,84.0,6.2,1
1,8.0,0,25,10.0,7.7,1
1,24.0,6,38,38.0,6.7,1
1,55.0,11,24,66.0,8.2,1
2,12.0,4,16,17.0,7.8,1
1,16.0,7,23,25.0,6.7,1
1,9.0,0,5,14.0,7.0,1
1,36.0,2,19,53.0,7.2,1
1,7.0,0,5,8.0,7.6,1
1,3.0,5,1,8.0,5.4,1
1,5.0,4,7,9.0,6.0,1
1,2.0,2,33,8.0,6.7,1
1,1348.0,269,13139,1633.0,9.1,1
1,689.0,158,5171,884.0,8.6,1
1,551.0,198,3298,875.0,7.4,1
2,153.0,52,945,217.0,8.0,1
1,78.0,10,434,110.0,7.8,1
2,34.0,11,299,51.0,7.6,1
1,22.0,4,42,28.0,7.7,1
1,65.0,12,71,81.0,8.0,1
1,8.0,2,5,10.0,7.3,1
1,18.0,8,24,31.0,6.1,1
1,0.0,0,1,0.0,7.4,1
1,8.0,0,14,10.0,7.4,1
1,10.0,6,11,16.0,6.8,1
1,329.0,142,1553,399.0,9.0,1
1,56.0,17,342,90.0,6.7,1
1,10.0,3,35,14.0,7.4,1
1,15.0,12,39,22.0,7.7,1
1,7.0,0,7,8.0,7.9,1
1,518.0,42,757,613.0,8.9,1
1,215.0,28,367,300.0,7.9,1
1,29.0,6,213,33.0,8.3,1
2,185.0,43,396,249.0,8.1,1
3,684.0,155,802,920.0,8.4,1
1,385.0,71,268,498.0,8.7,1
2,866.0,215,925,1142.0,8.5,1
3,435.0,179,320,644.0,8.0,1
1,47.0,1,76,51.0,9.0,1
2,190.0,111,327,302.0,7.5,1
1,147.0,63,187,208.0,8.3,1
2,1.0,1,7,1.0,7.9,1
1,70.0,18,131,100.0,7.4,1
1,43.0,25,127,66.0,8.0,1
2,57.0,14,60,90.0,6.7,1
1,39.0,10,37,60.0,6.8,1
1,236.0,115,171,347.0,8.3,1
1,16.0,8,27,19.0,7.8,1
1,38.0,12,29,51.0,8.0,1
1,9.0,1,10,11.0,7.6,1
1,1146.0,476,2139,1638.0,8.4,1
1,9.0,3,22,12.0,8.4,1
1,209.0,74,135,238.0,8.7,1
2,251.0,107,103,367.0,7.3,1
1,29.0,6,18,40.0,7.6,1
1,11.0,9,3,22.0,5.5,1
2,14.0,6,20,25.0,6.2,1
1,108.0,41,27,150.0,7.9,1
2,16.0,4,16,24.0,7.0,1
1,15.0,1,2,16.0,8.2,1
1,47.0,16,26,67.0,6.8,1
1,5.0,0,5,8.0,6.8,1
1,17.0,1,12,21.0,7.5,1
1,16.0,15,8,33.0,5.4,1
3,6.0,0,5,8.0,6.6,1
1,417.0,154,2071,566.0,8.3,1
4,38.0,17,127,55.0,8.1,1
2,23.0,9,57,34.0,7.2,1
1,64.0,18,228,79.0,8.6,1
1,30.0,2,5,36.0,8.0,1
1,2.0,2,8,3.0,7.7,1
1,52.0,32,158,116.0,5.0,1
1,11.0,3,32,14.0,7.0,1
1,59.0,28,16,73.0,9.0,1
1,68.0,8,92,84.0,8.1,1
1,210.0,6,104,252.0,8.5,1
1,25.0,4,9,41.0,6.4,1
1,10.0,4,8,13.0,7.8,1
2,25.0,12,41,32.0,7.8,1
2,59.0,14,20,75.0,8.4,1
1,8.0,1,1,10.0,6.9,1
1,113.0,12,218,130.0,8.9,1
1,21.0,6,22,50.0,5.7,1
1,39.0,6,65,46.0,8.6,1
1,7.0,0,6,10.0,7.2,1
1,44.0,4,6,65.0,7.0,1
1,13.0,12,28,29.0,5.9,1
2,15.0,0,2,30.0,5.3,1
1,5.0,1,14,11.0,5.7,1
2,3.0,3,0,8.0,5.4,1
1,45.0,7,31,56.0,8.1,1
2,10.0,6,4,22.0,5.7,1
2,9.0,6,20,21.0,5.4,1
1,9.0,2,2,11.0,7.0,1
1,7.0,2,22,18.0,5.3,1
1,111.0,49,720,156.0,8.1,1
1,1859.0,445,11496,2423.0,8.7,1
2,107.0,23,359,138.0,8.4,1
2,8.0,4,18,8.0,8.3,1
2,3.0,2,36,8.0,6.0,1
1,12.0,3,37,16.0,7.4,1
1,14.0,0,6,17.0,7.5,1
1,246.0,76,1576,307.0,8.9,1
1,9.0,0,5,9.0,8.1,1
1,32.0,15,238,52.0,7.3,1
2,3.0,1,4,3.0,7.2,1
1,52.0,20,838,80.0,7.3,1
1,13.0,19,123,12.0,8.4,1
1,35.0,14,142,47.0,7.8,1
1,87.0,25,94,133.0,6.7,1
1,35.0,16,74,38.0,9.2,1
1,564.0,170,1207,703.0,8.6,1
1,10.0,1,5,10.0,7.9,1
1,11.0,1,13,14.0,7.9,1
1,27.0,11,82,33.0,7.9,1
1,16.0,7,45,26.0,7.0,1
1,2.0,1,4,3.0,7.5,1
1,413.0,117,4260,509.0,9.0,1
1,314.0,62,133,399.0,8.5,1
1,0.0,0,42,0.0,8.3,1
2,106.0,11,66,118.0,9.0,1
1,16.0,4,9,20.0,7.7,1
1,4.0,0,9,4.0,7.2,1
1,24.0,6,78,30.0,7.7,1
1,4.0,0,9,4.0,8.0,1
1,8.0,1,1,9.0,7.5,1
1,12.0,1,15,20.0,5.7,1
1,861.0,255,4724,1144.0,8.2,1
1,188.0,25,1182,229.0,8.5,1
1,27.0,15,80,36.0,9.3,1
1,108.0,47,682,143.0,8.3,1
2,132.0,64,720,202.0,7.4,1
1,90.0,16,154,114.0,8.3,1
1,9.0,2,23,11.0,8.1,1
1,17.0,5,31,22.0,6.9,1
1,18.0,1,13,22.0,7.4,1
1,3.0,2,12,3.0,7.6,1
1,13.0,1,21,19.0,7.3,1
2,29.0,9,24,34.0,8.4,1
2,17.0,4,17,21.0,7.8,1
1,6.0,5,16,8.0,7.5,1
1,10.0,0,4,11.0,7.7,1
1,3.0,4,1,10.0,5.7,1
2,11.0,2,0,16.0,6.3,1
1,38.0,2,31,49.0,7.8,1
2,23.0,6,48,33.0,7.4,1
2,38.0,10,16,45.0,8.3,1
2,22.0,6,38,30.0,7.5,1
1,11.0,0,15,15.0,7.3,1
1,8.0,0,20,9.0,7.7,1
1,299.0,17,323,352.0,8.9,1
1,119.0,14,57,195.0,6.8,1
2,132.0,17,28,193.0,7.3,1
1,62.0,9,40,85.0,7.9,1
1,87.0,12,50,115.0,7.7,1
2,24.0,10,10,27.0,8.3,1
1,9.0,1,13,8.0,8.1,1
1,7.0,2,11,12.0,6.1,1
1,6.0,1,10,9.0,6.7,1
1,32.0,12,14,43.0,8.1,1
1,149.0,17,169,175.0,8.9,1
1,86.0,29,707,110.0,8.2,1
1,75.0,22,194,93.0,8.5,1
1,28.0,12,118,35.0,8.9,1
2,23.0,7,5,36.0,6.6,1
1,1.0,0,5,2.0,7.8,1
1,5.0,3,20,14.0,5.6,1
1,8.0,1,15,11.0,7.6,1
1,33.0,17,29,42.0,7.9,1
2,1.0,0,0,1.0,7.6,1
2,1.0,0,4,1.0,7.6,1
2,6.0,0,1,8.0,6.9,1
1,11.0,1,67,14.0,7.5,1
1,45.0,8,133,54.0,9.0,1
1,38.0,31,19,55.0,7.3,1
2,75.0,14,46,110.0,7.1,1
1,5.0,3,34,10.0,6.2,1
1,21.0,2,147,32.0,6.7,1
1,44.0,2,418,59.0,7.8,1
1,26.0,8,85,30.0,8.1,1
1,10.0,4,57,15.0,7.2,1
1,2.0,0,0,3.0,6.3,1
1,175.0,43,1314,274.0,7.4,1
1,54.0,21,718,103.0,6.1,1
1,87.0,7,857,101.0,8.9,1
1,23.0,7,32,29.0,8.7,1
1,42.0,15,62,54.0,8.3,1
1,32.0,11,188,50.0,7.3,1
2,8.0,1,75,9.0,8.3,1
1,5.0,2,43,12.0,7.0,1
1,12.0,4,35,20.0,6.3,1
1,80.0,5,208,100.0,8.3,1
1,65.0,5,63,87.0,7.9,1
1,50.0,3,10,73.0,6.9,1
1,67.0,7,82,80.0,8.1,1
1,6.0,1,8,9.0,6.4,1
2,137.0,15,533,157.0,9.1,1
2,7.0,1,7,9.0,6.7,1
1,39.0,2,15,65.0,6.6,1
2,5.0,0,2,12.0,5.6,1
1,5.0,0,23,12.0,5.3,1
1,4.0,0,0,6.0,7.3,1
2,21.0,1,14,23.0,8.4,1
1,22.0,2,145,25.0,8.4,1
2,99.0,32,51,130.0,8.1,1
2,7.0,0,5,10.0,8.1,1
1,1.0,0,8,1.0,7.3,1
1,11.0,2,24,14.0,7.0,1
2,41.0,28,409,51.0,8.1,1
1,12.0,0,6,17.0,7.3,1
1,29.0,11,43,42.0,7.3,1
1,3.0,0,4,5.0,6.3,1
2,17.0,0,12,18.0,8.1,1
2,80.0,12,122,99.0,8.1,1
1,29.0,3,21,37.0,7.8,1
1,7.0,0,7,9.0,6.8,1
1,20.0,2,54,32.0,6.0,1
1,49.0,6,79,76.0,6.0,1
1,903.0,105,9350,1101.0,8.8,1
1,434.0,122,5007,606.0,8.2,1
1,326.0,36,2608,409.0,8.5,1
1,356.0,26,1464,410.0,9.1,1
1,98.0,29,597,138.0,7.9,1
1,236.0,43,910,305.0,8.5,1
1,26.0,9,320,42.0,7.0,1
2,21.0,5,269,35.0,7.0,1
1,198.0,56,1457,272.0,8.2,1
4,23.0,5,125,31.0,7.8,1
1,104.0,26,324,164.0,7.4,1
1,8.0,0,96,10.0,7.4,1
1,8.0,12,55,28.0,6.3,1
1,8.0,3,88,14.0,6.7,1
1,180.0,27,442,238.0,7.9,1
2,5.0,1,25,9.0,6.5,1
2,56.0,16,390,89.0,6.5,1
1,20.0,14,188,49.0,6.3,1
2,18.0,13,75,48.0,5.1,1
1,84.0,22,503,110.0,8.2,1
1,22.0,6,141,39.0,6.4,1
1,100.0,18,15,132.0,8.2,1
1,141.0,14,80,160.0,8.9,1
1,35.0,6,47,47.0,7.5,1
1,6.0,3,35,8.0,7.2,1
1,7.0,0,5,8.0,7.3,1
1,6.0,1,26,8.0,7.2,1
1,22.0,3,15,26.0,8.0,1
2,16.0,1,13,25.0,6.3,1
2,16.0,9,12,30.0,5.6,1
1,413.0,58,2558,472.0,9.2,1
1,22.0,4,158,25.0,8.9,1
1,43.0,9,73,77.0,6.3,1
1,180.0,9,141,207.0,8.9,1
1,8.0,3,39,11.0,7.2,1
1,43.0,5,19,53.0,8.1,1
2,15.0,4,19,23.0,6.7,1
1,6.0,5,9,10.0,6.4,1
2,22.0,6,7,32.0,6.4,1
1,5.0,2,16,9.0,6.1,1
2,26.0,6,24,38.0,6.7,1
1,6.0,1,28,6.0,8.1,1
1,32.0,7,139,38.0,8.9,1
2,5.0,0,1,8.0,6.4,1
1,14.0,4,77,20.0,7.0,1
1,14.0,1,82,16.0,8.3,1
1,11.0,0,14,11.0,8.6,1
1,0.0,0,4,0.0,7.3,1
1,6.0,3,9,9.0,6.8,1
2,5.0,0,1,12.0,6.2,1
1,23.0,5,18,28.0,8.5,1
1,13.0,0,4,20.0,7.0,1
1,15.0,3,11,19.0,8.6,1
1,94.0,12,138,113.0,8.8,1
1,340.0,32,3955,402.0,8.9,1
2,28.0,13,48,37.0,7.9,1
1,6.0,0,13,8.0,7.3,1
1,7.0,0,5,8.0,7.9,1
1,60.0,11,32,81.0,7.6,1
1,0.0,0,8,0.0,7.9,1
1,10.0,0,27,15.0,7.1,1
2,0.0,1,7,3.0,7.1,1
1,8.0,0,1,15.0,5.6,1
1,53.0,4,339,63.0,8.3,1
1,437.0,22,861,515.0,8.5,1
3,8.0,0,20,8.0,8.2,1
4,9.0,11,87,34.0,5.6,1
1,572.0,52,1325,662.0,9.1,1
1,112.0,10,123,144.0,7.9,1
1,70.0,12,84,98.0,7.5,1
1,9.0,0,9,14.0,8.1,1
1,215.0,85,240,288.0,8.6,1
1,73.0,6,97,94.0,8.0,1
1,83.0,18,47,113.0,7.9,1
1,82.0,16,83,112.0,7.4,1
1,27.0,17,33,43.0,6.6,1
2,12.0,2,22,15.0,7.9,1
1,54.0,9,104,70.0,8.5,1
1,12.0,4,13,17.0,7.4,1
1,1.0,0,9,1.0,7.8,1
1,27.0,9,74,43.0,6.5,1
1,16.0,32,14,21.0,8.1,1
1,213.0,8,162,313.0,7.6,1
1,3.0,1,12,4.0,7.8,1
1,1.0,0,16,1.0,7.8,1
1,4.0,1,15,7.0,7.1,1
1,12.0,0,11,13.0,8.1,1
1,8.0,2,4,10.0,7.2,1
1,0.0,0,6,0.0,7.4,1
1,3.0,1,11,9.0,5.3,1
1,37.0,4,113,48.0,8.4,1
1,41.0,6,24,50.0,8.2,1
1,14.0,1,6,18.0,7.7,1
1,40.0,11,148,46.0,8.8,1
1,5.0,1,17,9.0,8.3,1
2,15.0,2,22,22.0,6.5,1
1,6.0,1,20,9.0,6.5,1
2,8.0,0,2,13.0,6.0,1
1,18.0,4,19,22.0,8.1,1
2,7.0,4,6,12.0,7.5,1
1,25.0,3,31,34.0,7.8,1
1,8.0,1,30,9.0,8.0,1
1,3.0,0,1,4.0,7.8,1
1,9.0,2,2,14.0,6.2,1
1,305.0,71,2185,403.0,8.5,1
1,85.0,16,703,94.0,9.4,1
1,28.0,4,124,33.0,8.9,1
1,9.0,0,9,13.0,7.1,1
2,157.0,18,69,205.0,8.2,1
1,10.0,1,2,16.0,6.0,1
1,90.0,7,346,110.0,8.1,1
1,1.0,1,2,1.0,7.7,1
1,4.0,0,10,5.0,7.3,1
1,6.0,0,9,8.0,6.5,1
1,8.0,1,4,9.0,7.3,1
1,1.0,0,3,1.0,7.0,1
1,6.0,0,20,9.0,6.8,1
1,2.0,0,11,2.0,7.5,1
1,24.0,1,20,28.0,7.8,1
2,16.0,2,36,31.0,6.3,1
1,3.0,1,10,6.0,8.0,1
1,10.0,8,13,25.0,5.5,1
1,35.0,5,39,43.0,7.9,1
1,14.0,4,13,21.0,6.2,1
1,44.0,11,41,71.0,6.0,1
1,8.0,0,5,14.0,5.9,1
1,26.0,7,178,44.0,6.7,1
1,2.0,1,15,2.0,8.1,1
1,10.0,10,85,15.0,6.9,1
2,26.0,17,72,38.0,7.7,1
1,9.0,2,32,11.0,8.5,1
2,12.0,3,6,15.0,8.8,1
1,9.0,0,2,14.0,6.1,1
1,9.0,0,2,14.0,6.6,1
1,102.0,10,51,140.0,7.8,1
1,17.0,4,29,19.0,7.9,1
1,7.0,0,5,8.0,7.5,1
1,594.0,97,3318,675.0,9.3,1
1,153.0,46,1419,207.0,8.2,1
1,112.0,14,318,142.0,8.5,1
1,33.0,10,98,49.0,7.4,1
1,57.0,4,28,68.0,8.6,1
1,25.0,10,153,43.0,6.5,1
1,13.0,6,89,19.0,7.0,1
1,21.0,3,17,24.0,8.0,1
1,393.0,76,234,448.0,9.1,1
1,0.0,0,5,2.0,7.0,1
1,2.0,0,12,8.0,6.4,1
1,9.0,0,16,14.0,7.6,1
1,1.0,0,1,2.0,7.0,1
1,53.0,13,159,80.0,7.4,1
1,19.0,4,21,25.0,7.8,1
1,6.0,1,12,6.0,8.0,1
1,4.0,2,28,8.0,5.9,1
1,7.0,4,5,9.0,7.5,1
1,10.0,0,12,11.0,7.5,1
1,15.0,1,0,18.0,7.5,1
1,19.0,2,13,20.0,8.5,1
1,62.0,3,117,70.0,8.3,1
1,7.0,2,7,8.0,7.1,1
1,20.0,0,37,25.0,7.2,1
1,36.0,16,327,60.0,6.0,1
1,0.0,1,2,0.0,7.8,1
1,29.0,1,17,45.0,6.3,1
1,6.0,3,5,10.0,6.2,1
1,4.0,2,28,9.0,6.7,1
1,25.0,6,10,41.0,6.7,1
2,73.0,9,426,88.0,8.6,1
2,10.0,0,41,10.0,8.2,1
1,8.0,0,5,10.0,7.0,1
1,14.0,1,31,30.0,7.4,1
1,17.0,0,22,18.0,8.3,1
1,22.0,25,9,38.0,6.5,1
1,10.0,1,14,14.0,7.1,1
1,5.0,2,5,10.0,6.2,1
2,4.0,3,2,10.0,6.0,1
1,73.0,52,205,85.0,9.2,1
1,35.0,5,49,50.0,7.3,1
1,20.0,8,23,34.0,6.6,1
1,26.0,21,36,45.0,7.3,1
1,7.0,1,6,11.0,6.9,1
1,13.0,2,7,18.0,7.0,1
1,3.0,0,1,4.0,6.6,1
1,109.0,11,326,121.0,9.0,1
1,11.0,3,63,12.0,8.4,1
1,176.0,24,392,281.0,6.9,1
2,9.0,17,9,18.0,5.6,1
1,2.0,1,11,4.0,6.9,1
2,20.0,4,3,28.0,7.3,1
2,4.0,1,8,12.0,6.0,1
1,17.0,5,16,32.0,5.5,1
1,5.0,2,5,8.0,6.9,1
1,23.0,2,47,41.0,5.6,1
1,300.0,50,385,457.0,6.7,1
1,12.0,0,15,13.0,8.4,1
1,183.0,42,973,252.0,7.3,1
1,12.0,1,4,17.0,7.9,1
1,131.0,35,1237,165.0,8.8,1
1,6.0,5,50,14.0,8.0,1
1,5.0,0,14,8.0,6.4,1
1,14.0,2,14,17.0,7.2,1
1,3.0,0,50,11.0,7.0,1
1,17.0,6,52,22.0,8.4,1
1,1.0,4,11,9.0,7.5,1
2,1.0,4,28,14.0,5.8,1
2,13.0,2,44,27.0,7.2,1
1,5.0,2,1,6.0,7.3,1
1,62.0,25,41,78.0,8.6,1
1,7.0,1,37,7.0,8.2,1
1,9.0,9,67,12.0,8.0,1
1,7.0,1,18,8.0,7.6,1
2,8.0,0,15,16.0,6.1,1
1,0.0,0,1,0.0,7.6,1
2,21.0,3,10,33.0,6.7,1
1,461.0,54,3245,519.0,9.2,1
1,135.0,6,486,152.0,9.2,1
1,587.0,56,2099,696.0,8.8,1
1,153.0,22,561,197.0,8.2,1
1,22.0,3,108,24.0,9.0,1
1,148.0,16,398,191.0,8.1,1
1,44.0,2,130,46.0,9.1,1
1,109.0,6,156,132.0,8.4,1
1,50.0,4,77,57.0,8.7,1
1,19.0,2,28,21.0,8.5,1
1,9.0,0,46,11.0,7.5,1
1,32.0,7,53,39.0,8.5,1
1,13.0,0,17,17.0,7.3,1
1,117.0,48,468,165.0,7.4,1
1,19.0,3,46,23.0,8.1,1
1,0.0,0,6,1.0,7.6,1
1,5.0,2,13,9.0,7.3,1
2,6.0,2,23,11.0,6.3,1
1,20.0,1,13,25.0,7.5,1
1,17.0,2,25,27.0,6.3,1
1,11.0,2,16,13.0,7.2,1
1,8.0,3,37,14.0,5.9,1
1,7.0,1,14,13.0,5.6,1
1,25.0,3,54,41.0,5.9,1
1,10.0,2,23,12.0,7.6,1
1,23.0,2,13,25.0,8.5,1
1,3.0,0,37,3.0,8.1,1
2,21.0,0,0,30.0,7.2,1
1,27.0,5,28,36.0,7.7,1
1,11.0,0,28,11.0,8.2,1
1,10.0,0,16,12.0,7.8,1
1,18.0,3,44,22.0,7.9,1
2,5.0,0,8,8.0,6.4,1
1,105.0,12,77,134.0,8.0,1
2,76.0,16,78,93.0,8.1,1
1,12.0,1,2,12.0,8.0,1
1,58.0,2,8,79.0,6.8,1
1,4.0,0,14,10.0,6.2,1
1,5.0,4,15,8.0,6.5,1
1,76.0,4,124,89.0,8.5,1
1,207.0,11,59,268.0,7.9,1
1,24.0,2,10,46.0,5.7,1
1,6.0,1,1,8.0,6.8,1
1,12.0,1,24,16.0,7.3,1
1,141.0,12,80,181.0,8.0,1
1,809.0,72,1127,958.0,8.8,1
1,29.0,8,141,40.0,7.4,1
2,29.0,6,74,41.0,7.6,1
1,17.0,4,43,21.0,7.7,1
1,144.0,21,232,181.0,7.9,1
1,36.0,6,115,50.0,7.2,1
1,3.0,2,13,5.0,7.1,1
1,32.0,9,61,48.0,6.9,1
1,9.0,1,26,14.0,6.9,1
1,6.0,1,30,9.0,7.1,1
1,8.0,6,31,22.0,5.3,1
1,5.0,2,6,8.0,7.5,1
1,7.0,8,15,19.0,5.1,1
1,11.0,2,14,17.0,6.1,1
1,8.0,2,21,8.0,7.8,1
